{
    "preamble": {
        "program": "anchor$_{dl}$",
        "prog_args": "anchor$_{dl}$",
        "prog_alias": "anchor$_{dl}$",
        "benchmark": null
    },
    "stats": {
        "q4_schizo": {
            "status": true,
            "exprtime": 657.6332537313435
        },
        "q4_biomed": {
            "status": true,
            "exprtime": 91.68609756097571
        },
        "q6_liver-disorder": {
            "status": true,
            "exprtime": 303.8692352941177
        },
        "q5_liver-disorder": {
            "status": true,
            "exprtime": 279.97043939393944
        },
        "q5_heart-c": {
            "status": true,
            "exprtime": 261.91883606557377
        },
        "q4_cancer": {
            "status": true,
            "exprtime": 132.17144444444443
        },
        "q4_liver-disorder": {
            "status": true,
            "exprtime": 342.8901228070176
        },
        "q5_diabetes": {
            "status": true,
            "exprtime": 659.9083576158944
        },
        "q5_zoo": {
            "status": true,
            "exprtime": 129.35733333333326
        },
        "q5_hepatitis": {
            "status": true,
            "exprtime": 271.83838709677445
        },
        "q4_zoo": {
            "status": true,
            "exprtime": 109.5366
        },
        "q4_hepatitis": {
            "status": true,
            "exprtime": 279.3645483870967
        },
        "q4_heart-statlog": {
            "status": true,
            "exprtime": 321.0152592592593
        },
        "q4_australian": {
            "status": true,
            "exprtime": 400.2397226277372
        },
        "q6_diabetes": {
            "status": true,
            "exprtime": 839.1430324675327
        },
        "q5_parkinsons": {
            "status": true,
            "exprtime": 224.78056756756746
        },
        "q6_hungarian": {
            "status": true,
            "exprtime": 234.01318965517245
        },
        "q4_bupa": {
            "status": true,
            "exprtime": 297.04618965517255
        },
        "q4_heart-c": {
            "status": true,
            "exprtime": 357.7348688524591
        },
        "q4_heart-h": {
            "status": true,
            "exprtime": 192.41613793103448
        },
        "q4_compas": {
            "status": true,
            "exprtime": 353.0695000000003
        },
        "q5_australian": {
            "status": true,
            "exprtime": 431.03186231884047
        },
        "q4_hungarian": {
            "status": true,
            "exprtime": 204.99055932203393
        },
        "q6_hepatitis": {
            "status": true,
            "exprtime": 193.09187096774187
        },
        "q6_house-votes-84": {
            "status": true,
            "exprtime": 108.13775342465753
        },
        "q4_parkinsons": {
            "status": true,
            "exprtime": 206.00602564102562
        },
        "q6_car": {
            "status": true,
            "exprtime": 68.55185260115609
        },
        "q4_glass2": {
            "status": true,
            "exprtime": 127.19473333333337
        },
        "q5_heart-h": {
            "status": true,
            "exprtime": 232.0634827586207
        },
        "q6_pima": {
            "status": true,
            "exprtime": 800.6853660130718
        },
        "q5_cleve": {
            "status": true,
            "exprtime": 365.11072131147546
        },
        "q5_hungarian": {
            "status": true,
            "exprtime": 309.7792542372883
        },
        "q5_bupa": {
            "status": true,
            "exprtime": 301.5085806451612
        },
        "q5_appendicitis": {
            "status": true,
            "exprtime": 63.87223809523811
        },
        "q6_compas": {
            "status": true,
            "exprtime": 462.4725400000005
        },
        "q6_parkinsons": {
            "status": true,
            "exprtime": 361.8858461538462
        },
        "q6_cleve": {
            "status": true,
            "exprtime": 506.14752459016404
        },
        "q4_appendicitis": {
            "status": true,
            "exprtime": 83.38915000000001
        },
        "q5_pima": {
            "status": true,
            "exprtime": 667.96025974026
        },
        "q6_glass2": {
            "status": true,
            "exprtime": 199.492125
        },
        "q6_heart-h": {
            "status": true,
            "exprtime": 298.6541525423728
        },
        "q6_adult": {
            "status": true,
            "exprtime": 6191.53071490281
        },
        "q6_recidivism": {
            "status": true,
            "exprtime": 13684.210183410152
        },
        "q5_cancer": {
            "status": true,
            "exprtime": 122.55976086956512
        },
        "q6_zoo": {
            "status": true,
            "exprtime": 135.54866666666663
        },
        "q6_bupa": {
            "status": true,
            "exprtime": 326.5285312500001
        },
        "q5_biomed": {
            "status": true,
            "exprtime": 93.89597619047616
        },
        "q5_schizo": {
            "status": true,
            "exprtime": 953.9836268656719
        },
        "q5_heart-statlog": {
            "status": true,
            "exprtime": 350.7181851851851
        },
        "q6_schizo": {
            "status": true,
            "exprtime": 1042.5969253731344
        },
        "q6_lending": {
            "status": true,
            "exprtime": 3766.937517504763
        },
        "q6_biomed": {
            "status": true,
            "exprtime": 78.15333333333332
        },
        "q6_cancer": {
            "status": true,
            "exprtime": 130.2469278350516
        },
        "q4_cleve": {
            "status": true,
            "exprtime": 356.4519508196719
        },
        "q6_heart-c": {
            "status": true,
            "exprtime": 299.45347540983596
        },
        "q5_glass2": {
            "status": true,
            "exprtime": 165.98266666666666
        },
        "q6_australian": {
            "status": true,
            "exprtime": 430.543693430657
        },
        "q6_appendicitis": {
            "status": true,
            "exprtime": 74.57971428571426
        },
        "q4_pima": {
            "status": true,
            "exprtime": 556.5944206896557
        },
        "q5_compas": {
            "status": true,
            "exprtime": 409.2381515151518
        },
        "q4_diabetes": {
            "status": true,
            "exprtime": 646.424986577181
        },
        "q6_heart-statlog": {
            "status": true,
            "exprtime": 222.5716296296294
        }
    }
}