{
    "preamble": {
        "program": "anchor$_{bnn}$",
        "prog_args": "anchor$_{bnn}$",
        "prog_alias": "anchor$_{bnn}$",
        "benchmark": null
    },
    "stats": {
        "q4_schizo": {
            "status": true,
            "exprtime": 35007.89350746269
        },
        "q4_biomed": {
            "status": true,
            "exprtime": 7241.31943902439
        },
        "q6_liver-disorder": {
            "status": true,
            "exprtime": 4663.013205882352
        },
        "q5_liver-disorder": {
            "status": true,
            "exprtime": 4906.275439393938
        },
        "q5_heart-c": {
            "status": true,
            "exprtime": 18116.49832786884
        },
        "q4_cancer": {
            "status": true,
            "exprtime": 15043.395313131317
        },
        "q4_liver-disorder": {
            "status": true,
            "exprtime": 4806.967526315789
        },
        "q5_diabetes": {
            "status": true,
            "exprtime": 8143.270225165564
        },
        "q5_zoo": {
            "status": true,
            "exprtime": 37641.1928
        },
        "q5_hepatitis": {
            "status": true,
            "exprtime": 14649.887580645162
        },
        "q4_zoo": {
            "status": true,
            "exprtime": 28487.922
        },
        "q4_hepatitis": {
            "status": true,
            "exprtime": 19451.749548387095
        },
        "q4_heart-statlog": {
            "status": true,
            "exprtime": 18665.352259259267
        },
        "q4_australian": {
            "status": true,
            "exprtime": 14379.256919708036
        },
        "q6_diabetes": {
            "status": true,
            "exprtime": 8862.611090909093
        },
        "q5_parkinsons": {
            "status": true,
            "exprtime": 35431.078216216214
        },
        "q6_hungarian": {
            "status": true,
            "exprtime": 13741.91701724138
        },
        "q4_bupa": {
            "status": true,
            "exprtime": 5939.288396551721
        },
        "q4_heart-c": {
            "status": true,
            "exprtime": 18441.781131147534
        },
        "q4_heart-h": {
            "status": true,
            "exprtime": 13252.417051724138
        },
        "q4_compas": {
            "status": true,
            "exprtime": 5353.096295081971
        },
        "q5_australian": {
            "status": true,
            "exprtime": 14772.612768115958
        },
        "q4_hungarian": {
            "status": true,
            "exprtime": 11395.575372881356
        },
        "q6_hepatitis": {
            "status": true,
            "exprtime": 24082.840258064516
        },
        "q6_house-votes-84": {
            "status": true,
            "exprtime": 21973.76832876711
        },
        "q4_parkinsons": {
            "status": true,
            "exprtime": 39467.035948717945
        },
        "q6_car": {
            "status": true,
            "exprtime": 3401.2751184971075
        },
        "q4_glass2": {
            "status": true,
            "exprtime": 7839.262833333336
        },
        "q5_heart-h": {
            "status": true,
            "exprtime": 12120.72244827585
        },
        "q6_pima": {
            "status": true,
            "exprtime": 8784.834562091495
        },
        "q5_cleve": {
            "status": true,
            "exprtime": 16685.940245901642
        },
        "q5_hungarian": {
            "status": true,
            "exprtime": 14008.426559322032
        },
        "q5_bupa": {
            "status": true,
            "exprtime": 4069.621935483871
        },
        "q5_appendicitis": {
            "status": true,
            "exprtime": 6669.826047619049
        },
        "q6_compas": {
            "status": true,
            "exprtime": 4495.671713333336
        },
        "q6_parkinsons": {
            "status": true,
            "exprtime": 72635.23964102563
        },
        "q6_cleve": {
            "status": true,
            "exprtime": 17653.337852459015
        },
        "q4_appendicitis": {
            "status": true,
            "exprtime": 6553.653150000002
        },
        "q5_pima": {
            "status": true,
            "exprtime": 9404.901675324674
        },
        "q6_glass2": {
            "status": true,
            "exprtime": 8718.24046875
        },
        "q6_heart-h": {
            "status": true,
            "exprtime": 14839.031152542368
        },
        "q6_adult": {
            "status": true,
            "exprtime": 10384.335879049688
        },
        "q6_recidivism": {
            "status": true,
            "exprtime": 13321.754822119827
        },
        "q5_cancer": {
            "status": true,
            "exprtime": 18051.833663043482
        },
        "q6_zoo": {
            "status": true,
            "exprtime": 31028.71466666667
        },
        "q6_bupa": {
            "status": true,
            "exprtime": 5229.1386875
        },
        "q5_biomed": {
            "status": true,
            "exprtime": 7231.618571428571
        },
        "q5_schizo": {
            "status": true,
            "exprtime": 16361.069567164172
        },
        "q5_heart-statlog": {
            "status": true,
            "exprtime": 17479.466796296296
        },
        "q6_schizo": {
            "status": true,
            "exprtime": 21766.628805970155
        },
        "q6_lending": {
            "status": true,
            "exprtime": 8068.046040738386
        },
        "q6_biomed": {
            "status": true,
            "exprtime": 9405.827595238097
        },
        "q6_cancer": {
            "status": true,
            "exprtime": 16982.817329896894
        },
        "q4_cleve": {
            "status": true,
            "exprtime": 15061.880000000003
        },
        "q6_heart-c": {
            "status": true,
            "exprtime": 21559.908114754096
        },
        "q5_glass2": {
            "status": true,
            "exprtime": 7481.900393939395
        },
        "q6_australian": {
            "status": true,
            "exprtime": 15509.513116788328
        },
        "q6_appendicitis": {
            "status": true,
            "exprtime": 6420.557619047617
        },
        "q4_pima": {
            "status": true,
            "exprtime": 6883.992751724135
        },
        "q5_compas": {
            "status": true,
            "exprtime": 5105.845325757574
        },
        "q4_diabetes": {
            "status": true,
            "exprtime": 7028.293255033559
        },
        "q6_heart-statlog": {
            "status": true,
            "exprtime": 20517.52355555556
        }
    }
}