{
    "preamble": {
        "program": "anchor$_{bt}$",
        "prog_args": "anchor$_{bt}$",
        "prog_alias": "anchor$_{bt}$",
        "benchmark": null
    },
    "stats": {
        "q4_schizo": {
            "status": true,
            "exprtime": 706.0366567164178
        },
        "q4_biomed": {
            "status": true,
            "exprtime": 238.82865853658524
        },
        "q6_liver-disorder": {
            "status": true,
            "exprtime": 166.8793088235293
        },
        "q5_liver-disorder": {
            "status": true,
            "exprtime": 159.06207575757568
        },
        "q5_heart-c": {
            "status": true,
            "exprtime": 569.9186885245904
        },
        "q4_cancer": {
            "status": true,
            "exprtime": 333.1575757575759
        },
        "q4_liver-disorder": {
            "status": true,
            "exprtime": 153.77338596491225
        },
        "q5_diabetes": {
            "status": true,
            "exprtime": 216.91238410596011
        },
        "q5_zoo": {
            "status": true,
            "exprtime": 522.1872666666668
        },
        "q5_hepatitis": {
            "status": true,
            "exprtime": 768.7955806451611
        },
        "q4_zoo": {
            "status": true,
            "exprtime": 535.3688666666665
        },
        "q4_hepatitis": {
            "status": true,
            "exprtime": 895.5647741935483
        },
        "q4_heart-statlog": {
            "status": true,
            "exprtime": 557.511425925926
        },
        "q4_australian": {
            "status": true,
            "exprtime": 378.8082262773722
        },
        "q6_diabetes": {
            "status": true,
            "exprtime": 222.14895454545464
        },
        "q5_parkinsons": {
            "status": true,
            "exprtime": 785.5328648648647
        },
        "q6_hungarian": {
            "status": true,
            "exprtime": 382.3772758620689
        },
        "q4_bupa": {
            "status": true,
            "exprtime": 175.11422413793102
        },
        "q4_heart-c": {
            "status": true,
            "exprtime": 760.5720491803273
        },
        "q4_heart-h": {
            "status": true,
            "exprtime": 447.1280689655173
        },
        "q4_compas": {
            "status": true,
            "exprtime": 329.2364016393445
        },
        "q5_australian": {
            "status": true,
            "exprtime": 263.796956521739
        },
        "q4_hungarian": {
            "status": true,
            "exprtime": 498.7953898305081
        },
        "q6_hepatitis": {
            "status": true,
            "exprtime": 481.62064516129044
        },
        "q6_house-votes-84": {
            "status": true,
            "exprtime": 341.8599863013699
        },
        "q4_parkinsons": {
            "status": true,
            "exprtime": 1016.3056666666664
        },
        "q6_car": {
            "status": true,
            "exprtime": 131.13628034682088
        },
        "q4_glass2": {
            "status": true,
            "exprtime": 228.75199999999998
        },
        "q5_heart-h": {
            "status": true,
            "exprtime": 507.1757758620689
        },
        "q6_pima": {
            "status": true,
            "exprtime": 227.80716993464054
        },
        "q5_cleve": {
            "status": true,
            "exprtime": 662.25
        },
        "q5_hungarian": {
            "status": true,
            "exprtime": 443.8046949152546
        },
        "q5_bupa": {
            "status": true,
            "exprtime": 186.61146774193543
        },
        "q5_appendicitis": {
            "status": true,
            "exprtime": 128.92304761904754
        },
        "q6_compas": {
            "status": true,
            "exprtime": 383.7372933333334
        },
        "q6_parkinsons": {
            "status": true,
            "exprtime": 661.9433333333333
        },
        "q6_cleve": {
            "status": true,
            "exprtime": 584.3169508196722
        },
        "q4_appendicitis": {
            "status": true,
            "exprtime": 68.65540000000004
        },
        "q5_pima": {
            "status": true,
            "exprtime": 238.32879870129884
        },
        "q6_glass2": {
            "status": true,
            "exprtime": 271.18212500000016
        },
        "q6_heart-h": {
            "status": true,
            "exprtime": 526.8029322033898
        },
        "q6_adult": {
            "status": true,
            "exprtime": 396.15106371490384
        },
        "q6_recidivism": {
            "status": true,
            "exprtime": 543.8446617511513
        },
        "q5_cancer": {
            "status": true,
            "exprtime": 339.5227934782609
        },
        "q6_zoo": {
            "status": true,
            "exprtime": 515.7524666666667
        },
        "q6_bupa": {
            "status": true,
            "exprtime": 163.01112499999996
        },
        "q5_biomed": {
            "status": true,
            "exprtime": 247.07666666666657
        },
        "q5_schizo": {
            "status": true,
            "exprtime": 746.6008358208957
        },
        "q5_heart-statlog": {
            "status": true,
            "exprtime": 655.4172592592593
        },
        "q6_schizo": {
            "status": true,
            "exprtime": 954.5101641791045
        },
        "q6_lending": {
            "status": true,
            "exprtime": 110.57249840865722
        },
        "q6_biomed": {
            "status": true,
            "exprtime": 261.0625238095237
        },
        "q6_cancer": {
            "status": true,
            "exprtime": 381.4473402061859
        },
        "q4_cleve": {
            "status": true,
            "exprtime": 548.2428360655737
        },
        "q6_heart-c": {
            "status": true,
            "exprtime": 673.5677704918031
        },
        "q5_glass2": {
            "status": true,
            "exprtime": 291.35727272727274
        },
        "q6_australian": {
            "status": true,
            "exprtime": 361.7790729927006
        },
        "q6_appendicitis": {
            "status": true,
            "exprtime": 100.51209523809526
        },
        "q4_pima": {
            "status": true,
            "exprtime": 234.0228413793104
        },
        "q5_compas": {
            "status": true,
            "exprtime": 406.0685606060607
        },
        "q4_diabetes": {
            "status": true,
            "exprtime": 246.33041610738246
        },
        "q6_heart-statlog": {
            "status": true,
            "exprtime": 609.4422407407404
        }
    }
}