{
    "preamble": {
        "program": "xcon$_{bnn,cxp}$",
        "prog_args": "xcon$_{bnn,cxp}$",
        "prog_alias": "xcon$_{bnn,cxp}$",
        "benchmark": null
    },
    "stats": {
        "q6_bupa": {
            "status": true,
            "exprtime": 5.334533765106428
        },
        "q4_diabetes": {
            "status": true,
            "exprtime": 3.915965576702332
        },
        "q5_heart-statlog": {
            "status": true,
            "exprtime": 23.031561160060626
        },
        "q6_parkinsons": {
            "status": true,
            "exprtime": 797.7672799839604
        },
        "q6_hungarian": {
            "status": true,
            "exprtime": 26.994236925415485
        },
        "q5_cancer": {
            "status": true,
            "exprtime": 9.658957665033961
        },
        "q6_schizo": {
            "status": true,
            "exprtime": 71.33435454431586
        },
        "q6_heart-c": {
            "status": true,
            "exprtime": 24.11831898706946
        },
        "q4_compas": {
            "status": true,
            "exprtime": 289.33565251638134
        },
        "q6_car": {
            "status": true,
            "exprtime": 2309.5362134874786
        },
        "q5_hepatitis": {
            "status": true,
            "exprtime": 75.67872368731841
        },
        "q5_glass2": {
            "status": true,
            "exprtime": 156.16460170755172
        },
        "q4_cleve": {
            "status": true,
            "exprtime": 15.690039842146554
        },
        "q5_biomed": {
            "status": true,
            "exprtime": 162.22496458207542
        },
        "q6_liver-disorder": {
            "status": true,
            "exprtime": 56.648483905228616
        },
        "q4_heart-statlog": {
            "status": true,
            "exprtime": 16.458433419512552
        },
        "q6_pima": {
            "status": true,
            "exprtime": 9.254665828905745
        },
        "q4_appendicitis": {
            "status": true,
            "exprtime": 2.965798830850536
        },
        "q4_zoo": {
            "status": true,
            "exprtime": 21.602363333333304
        },
        "q6_heart-h": {
            "status": true,
            "exprtime": 30.366768500379123
        },
        "q6_cleve": {
            "status": true,
            "exprtime": 23.082838840485586
        },
        "q5_liver-disorder": {
            "status": true,
            "exprtime": 37.89927236652239
        },
        "q4_cancer": {
            "status": true,
            "exprtime": 4.978182500288394
        },
        "q6_heart-statlog": {
            "status": true,
            "exprtime": 29.007681404105938
        },
        "q6_australian": {
            "status": true,
            "exprtime": 29.297695143572867
        },
        "q4_glass2": {
            "status": true,
            "exprtime": 102.29478594831086
        },
        "q4_hepatitis": {
            "status": true,
            "exprtime": 149.72117957488595
        },
        "q4_biomed": {
            "status": true,
            "exprtime": 81.19366803293546
        },
        "q5_compas": {
            "status": true,
            "exprtime": 331.1395965361462
        },
        "q6_house-votes-84": {
            "status": true,
            "exprtime": 9.516702203542298
        },
        "q4_pima": {
            "status": true,
            "exprtime": 3.676550323099837
        },
        "q6_appendicitis": {
            "status": true,
            "exprtime": 8.132397093180701
        },
        "q6_zoo": {
            "status": true,
            "exprtime": 15.070903504721377
        },
        "q6_lending": {
            "status": true,
            "exprtime": 93.62336320361415
        },
        "q4_parkinsons": {
            "status": true,
            "exprtime": 147.54404165022973
        },
        "q5_heart-h": {
            "status": true,
            "exprtime": 20.141914866742454
        },
        "q5_australian": {
            "status": true,
            "exprtime": 27.47962128891958
        },
        "q5_bupa": {
            "status": true,
            "exprtime": 4.04648840245778
        },
        "q4_hungarian": {
            "status": true,
            "exprtime": 17.59223572399686
        },
        "q5_schizo": {
            "status": true,
            "exprtime": 48.01541777911141
        },
        "q6_cancer": {
            "status": true,
            "exprtime": 14.883127571136132
        },
        "q6_adult": {
            "status": true,
            "exprtime": 176.69825222847052
        },
        "q4_heart-c": {
            "status": true,
            "exprtime": 20.02322014165041
        },
        "q6_hepatitis": {
            "status": true,
            "exprtime": 158.87097956989234
        },
        "q5_cleve": {
            "status": true,
            "exprtime": 23.32293599399228
        },
        "q6_compas": {
            "status": true,
            "exprtime": 393.8325939602618
        },
        "q5_parkinsons": {
            "status": true,
            "exprtime": 367.98222869517866
        },
        "q6_glass2": {
            "status": true,
            "exprtime": 275.259329757989
        },
        "q4_schizo": {
            "status": true,
            "exprtime": 18.502172140543674
        },
        "q6_diabetes": {
            "status": true,
            "exprtime": 9.79295888094662
        },
        "q6_biomed": {
            "status": true,
            "exprtime": 231.33196995089077
        },
        "q4_bupa": {
            "status": true,
            "exprtime": 2.5223566091954104
        },
        "q4_liver-disorder": {
            "status": true,
            "exprtime": 21.554726608187128
        },
        "q5_pima": {
            "status": true,
            "exprtime": 4.994824561971119
        },
        "q4_australian": {
            "status": true,
            "exprtime": 16.699689778966082
        },
        "q5_zoo": {
            "status": true,
            "exprtime": 13.745451318681248
        },
        "q5_hungarian": {
            "status": true,
            "exprtime": 22.334770158937214
        },
        "q5_diabetes": {
            "status": true,
            "exprtime": 5.309103935757074
        },
        "q5_appendicitis": {
            "status": true,
            "exprtime": 4.5879262842316395
        },
        "q5_heart-c": {
            "status": true,
            "exprtime": 23.376209311238217
        },
        "q6_recidivism": {
            "status": true,
            "exprtime": 165.90436349257308
        },
        "q4_heart-h": {
            "status": true,
            "exprtime": 13.745581978915759
        }
    }
}