{
    "preamble": {
        "program": "xcon$^r_{dl,cxp}$",
        "prog_args": "xcon$^r_{dl,cxp}$",
        "prog_alias": "xcon$^r_{dl,cxp}$",
        "benchmark": null
    },
    "stats": {
        "q5_cleve": {
            "status": true,
            "exprtime": 0.25126324333011896
        },
        "q6_recidivism": {
            "status": true,
            "exprtime": 2.5770580740830193
        },
        "q6_hepatitis": {
            "status": true,
            "exprtime": 0.18081075268817215
        },
        "q6_cancer": {
            "status": true,
            "exprtime": 0.1815352569447354
        },
        "q6_heart-h": {
            "status": true,
            "exprtime": 0.19635638893343493
        },
        "q4_pima": {
            "status": true,
            "exprtime": 0.33670253030517894
        },
        "q5_biomed": {
            "status": true,
            "exprtime": 0.15530584750094306
        },
        "q6_heart-c": {
            "status": true,
            "exprtime": 0.2558992078899442
        },
        "q4_cancer": {
            "status": true,
            "exprtime": 0.1702850590935185
        },
        "q6_australian": {
            "status": true,
            "exprtime": 0.34700866391849683
        },
        "q5_zoo": {
            "status": true,
            "exprtime": 0.11906166666666634
        },
        "q4_australian": {
            "status": true,
            "exprtime": 0.32620401398874216
        },
        "q6_hungarian": {
            "status": true,
            "exprtime": 0.20089379193766296
        },
        "q5_australian": {
            "status": true,
            "exprtime": 0.33096535320557074
        },
        "q6_diabetes": {
            "status": true,
            "exprtime": 0.2840335590273856
        },
        "q4_bupa": {
            "status": true,
            "exprtime": 0.3449198089267089
        },
        "q5_liver-disorder": {
            "status": true,
            "exprtime": 0.39024491232672953
        },
        "q4_heart-statlog": {
            "status": true,
            "exprtime": 0.2304761695906443
        },
        "q4_liver-disorder": {
            "status": true,
            "exprtime": 0.3737081523252567
        },
        "q4_biomed": {
            "status": true,
            "exprtime": 0.17418462343532934
        },
        "q5_diabetes": {
            "status": true,
            "exprtime": 0.28324960163060886
        },
        "q6_house-votes-84": {
            "status": true,
            "exprtime": 0.14992791095890423
        },
        "q6_biomed": {
            "status": true,
            "exprtime": 0.1482982304746638
        },
        "q6_cleve": {
            "status": true,
            "exprtime": 0.2538523891649975
        },
        "q5_cancer": {
            "status": true,
            "exprtime": 0.15165585842400486
        },
        "q4_zoo": {
            "status": true,
            "exprtime": 0.10882999999999976
        },
        "q4_compas": {
            "status": true,
            "exprtime": 0.34806308025990534
        },
        "q4_appendicitis": {
            "status": true,
            "exprtime": 0.13625310286935266
        },
        "q5_glass2": {
            "status": true,
            "exprtime": 0.18672802508444378
        },
        "q4_heart-h": {
            "status": true,
            "exprtime": 0.18581605090311973
        },
        "q5_bupa": {
            "status": true,
            "exprtime": 0.3608192140296984
        },
        "q5_appendicitis": {
            "status": true,
            "exprtime": 0.17064285714285668
        },
        "q6_heart-statlog": {
            "status": true,
            "exprtime": 0.22326130604288447
        },
        "q6_car": {
            "status": true,
            "exprtime": 0.3458205684007701
        },
        "q6_pima": {
            "status": true,
            "exprtime": 0.28818715218482804
        },
        "q4_heart-c": {
            "status": true,
            "exprtime": 0.2126526487605003
        },
        "q5_schizo": {
            "status": true,
            "exprtime": 0.3997785153181458
        },
        "q4_cleve": {
            "status": true,
            "exprtime": 0.22898366451399185
        },
        "q6_compas": {
            "status": true,
            "exprtime": 0.3829187398342421
        },
        "q6_appendicitis": {
            "status": true,
            "exprtime": 0.12562318594104255
        },
        "q5_compas": {
            "status": true,
            "exprtime": 0.3819730376946302
        },
        "q5_hepatitis": {
            "status": true,
            "exprtime": 0.18402473118279591
        },
        "q5_pima": {
            "status": true,
            "exprtime": 0.2984070870307827
        },
        "q4_glass2": {
            "status": true,
            "exprtime": 0.2114569069819063
        },
        "q5_heart-h": {
            "status": true,
            "exprtime": 0.22378129582005804
        },
        "q6_schizo": {
            "status": true,
            "exprtime": 0.48416931749919234
        },
        "q6_liver-disorder": {
            "status": true,
            "exprtime": 0.3462853991596645
        },
        "q4_hungarian": {
            "status": true,
            "exprtime": 0.23256997889116415
        },
        "q6_adult": {
            "status": true,
            "exprtime": 1.338939823463111
        },
        "q6_lending": {
            "status": true,
            "exprtime": 1.5735880607742303
        },
        "q4_hepatitis": {
            "status": true,
            "exprtime": 0.19342096774193562
        },
        "q4_schizo": {
            "status": true,
            "exprtime": 0.37277786069651797
        },
        "q6_zoo": {
            "status": true,
            "exprtime": 0.10020833333333377
        },
        "q5_heart-c": {
            "status": true,
            "exprtime": 0.24549586811185323
        },
        "q4_diabetes": {
            "status": true,
            "exprtime": 0.33195873102463996
        },
        "q5_hungarian": {
            "status": true,
            "exprtime": 0.19391864649623383
        },
        "q6_glass2": {
            "status": true,
            "exprtime": 0.2255875831633637
        },
        "q6_parkinsons": {
            "status": true,
            "exprtime": 0.24095915750915753
        },
        "q6_bupa": {
            "status": true,
            "exprtime": 0.3161336133050974
        },
        "q5_parkinsons": {
            "status": true,
            "exprtime": 0.22428082368082322
        },
        "q4_parkinsons": {
            "status": true,
            "exprtime": 0.19802307692307725
        },
        "q5_heart-statlog": {
            "status": true,
            "exprtime": 0.22189950764256297
        }
    }
}