{
    "preamble": {
        "program": "xcon$_{bt,cxp}$",
        "prog_args": "xcon$_{bt,cxp}$",
        "prog_alias": "xcon$_{bt,cxp}$",
        "benchmark": null
    },
    "stats": {
        "q4_schizo": {
            "status": true,
            "exprtime": 85.58296941022772
        },
        "q6_appendicitis": {
            "status": true,
            "exprtime": 30.14655952380951
        },
        "q6_house-votes-84": {
            "status": true,
            "exprtime": 38.0025725052104
        },
        "q6_lending": {
            "status": true,
            "exprtime": 61.43851213823281
        },
        "q6_hungarian": {
            "status": true,
            "exprtime": 61.5541215809499
        },
        "q5_schizo": {
            "status": true,
            "exprtime": 74.71528448187505
        },
        "q4_diabetes": {
            "status": true,
            "exprtime": 50.9629415434305
        },
        "q6_pima": {
            "status": true,
            "exprtime": 73.57201555925009
        },
        "q4_pima": {
            "status": true,
            "exprtime": 58.68040207285056
        },
        "q5_glass2": {
            "status": true,
            "exprtime": 38.91115192837462
        },
        "q6_australian": {
            "status": true,
            "exprtime": 114.20473883455011
        },
        "q5_liver-disorder": {
            "status": true,
            "exprtime": 51.521458501683384
        },
        "q6_diabetes": {
            "status": true,
            "exprtime": 43.76729737116392
        },
        "q4_glass2": {
            "status": true,
            "exprtime": 40.07544804232812
        },
        "q5_heart-h": {
            "status": true,
            "exprtime": 65.26847890859146
        },
        "q4_australian": {
            "status": true,
            "exprtime": 109.71137984160723
        },
        "q5_pima": {
            "status": true,
            "exprtime": 46.606901583989476
        },
        "q6_adult": {
            "status": true,
            "exprtime": 137.92754209631295
        },
        "q4_parkinsons": {
            "status": true,
            "exprtime": 67.51926488569916
        },
        "q4_heart-c": {
            "status": true,
            "exprtime": 62.34920426647219
        },
        "q4_cancer": {
            "status": true,
            "exprtime": 39.49168879675514
        },
        "q5_compas": {
            "status": true,
            "exprtime": 39.380187712191265
        },
        "q6_hepatitis": {
            "status": true,
            "exprtime": 66.20476853421742
        },
        "q6_liver-disorder": {
            "status": true,
            "exprtime": 41.905904311497466
        },
        "q6_parkinsons": {
            "status": true,
            "exprtime": 76.58535721269469
        },
        "q6_heart-c": {
            "status": true,
            "exprtime": 88.02796138167407
        },
        "q6_cleve": {
            "status": true,
            "exprtime": 90.51319442615429
        },
        "q5_appendicitis": {
            "status": true,
            "exprtime": 32.61414578609223
        },
        "q5_cancer": {
            "status": true,
            "exprtime": 36.85849748257386
        },
        "q4_compas": {
            "status": true,
            "exprtime": 43.41987564150562
        },
        "q4_zoo": {
            "status": true,
            "exprtime": 145.06058222222225
        },
        "q4_appendicitis": {
            "status": true,
            "exprtime": 44.613646143578656
        },
        "q6_zoo": {
            "status": true,
            "exprtime": 119.95795444444448
        },
        "q5_cleve": {
            "status": true,
            "exprtime": 69.62199928615266
        },
        "q6_biomed": {
            "status": true,
            "exprtime": 40.001875279152074
        },
        "q4_liver-disorder": {
            "status": true,
            "exprtime": 50.913797660818695
        },
        "q4_bupa": {
            "status": true,
            "exprtime": 36.85463074712652
        },
        "q4_hungarian": {
            "status": true,
            "exprtime": 51.891920473382555
        },
        "q5_heart-statlog": {
            "status": true,
            "exprtime": 84.594994607749
        },
        "q6_schizo": {
            "status": true,
            "exprtime": 69.11457920350142
        },
        "q6_heart-statlog": {
            "status": true,
            "exprtime": 76.21042155042593
        },
        "q5_bupa": {
            "status": true,
            "exprtime": 33.12948360215062
        },
        "q5_hepatitis": {
            "status": true,
            "exprtime": 59.77903388185116
        },
        "q5_heart-c": {
            "status": true,
            "exprtime": 74.49065279609364
        },
        "q6_glass2": {
            "status": true,
            "exprtime": 48.54811036255411
        },
        "q6_bupa": {
            "status": true,
            "exprtime": 35.658895052083295
        },
        "q5_australian": {
            "status": true,
            "exprtime": 113.8830276633754
        },
        "q5_hungarian": {
            "status": true,
            "exprtime": 63.49516821693064
        },
        "q5_parkinsons": {
            "status": true,
            "exprtime": 62.85928807461304
        },
        "q6_compas": {
            "status": true,
            "exprtime": 54.79726254359378
        },
        "q4_hepatitis": {
            "status": true,
            "exprtime": 75.36260176185814
        },
        "q5_diabetes": {
            "status": true,
            "exprtime": 60.86014033749011
        },
        "q6_cancer": {
            "status": true,
            "exprtime": 59.494375387930496
        },
        "q6_car": {
            "status": true,
            "exprtime": 49.603507610789904
        },
        "q4_biomed": {
            "status": true,
            "exprtime": 40.7874457510647
        },
        "q4_heart-statlog": {
            "status": true,
            "exprtime": 66.26352302332585
        },
        "q6_recidivism": {
            "status": true,
            "exprtime": 84.57256904243475
        },
        "q4_heart-h": {
            "status": true,
            "exprtime": 61.156544124113175
        },
        "q5_zoo": {
            "status": true,
            "exprtime": 142.17478888888905
        },
        "q5_biomed": {
            "status": true,
            "exprtime": 38.782120153061236
        },
        "q6_heart-h": {
            "status": true,
            "exprtime": 60.22658974138188
        },
        "q4_cleve": {
            "status": true,
            "exprtime": 72.0215588459943
        }
    }
}