{
    "preamble": {
        "program": "xcon$_{bnn,cxp}$",
        "prog_args": "xcon$_{bnn,cxp}$",
        "prog_alias": "xcon$_{bnn,cxp}$",
        "benchmark": null
    },
    "stats": {
        "q5_pima": {
            "status": true,
            "exprtime": 3.59228923877611
        },
        "q4_liver-disorder": {
            "status": true,
            "exprtime": 27.12367933294777
        },
        "q4_australian": {
            "status": true,
            "exprtime": 15.697954028202304
        },
        "q5_zoo": {
            "status": true,
            "exprtime": 13.045464754901968
        },
        "q5_heart-c": {
            "status": true,
            "exprtime": 19.053072789258042
        },
        "q5_appendicitis": {
            "status": true,
            "exprtime": 3.74696656683264
        },
        "q5_diabetes": {
            "status": true,
            "exprtime": 3.8713228120060124
        },
        "q5_hungarian": {
            "status": true,
            "exprtime": 18.571174297991146
        },
        "q6_recidivism": {
            "status": true,
            "exprtime": 168.49134267665173
        },
        "q4_heart-h": {
            "status": true,
            "exprtime": 12.740916198862
        },
        "q6_hepatitis": {
            "status": true,
            "exprtime": 127.21707772263586
        },
        "q6_compas": {
            "status": true,
            "exprtime": 331.1678602826049
        },
        "q5_cleve": {
            "status": true,
            "exprtime": 20.30004318108369
        },
        "q5_parkinsons": {
            "status": true,
            "exprtime": 303.7759930452126
        },
        "q6_glass2": {
            "status": true,
            "exprtime": 149.49595891655113
        },
        "q4_bupa": {
            "status": true,
            "exprtime": 1.970588608374388
        },
        "q6_biomed": {
            "status": true,
            "exprtime": 170.66633114930158
        },
        "q6_diabetes": {
            "status": true,
            "exprtime": 6.720511903617912
        },
        "q4_schizo": {
            "status": true,
            "exprtime": 15.24099380530378
        },
        "q5_australian": {
            "status": true,
            "exprtime": 23.130831241628883
        },
        "q5_heart-h": {
            "status": true,
            "exprtime": 17.96943735094025
        },
        "q5_bupa": {
            "status": true,
            "exprtime": 4.071540674603176
        },
        "q4_hungarian": {
            "status": true,
            "exprtime": 17.685196433862764
        },
        "q4_heart-c": {
            "status": true,
            "exprtime": 18.239622968038336
        },
        "q6_adult": {
            "status": true,
            "exprtime": 138.4902409676304
        },
        "q5_schizo": {
            "status": true,
            "exprtime": 35.92402541831889
        },
        "q6_cancer": {
            "status": true,
            "exprtime": 11.949368805749877
        },
        "q6_house-votes-84": {
            "status": true,
            "exprtime": 11.732156265908184
        },
        "q6_appendicitis": {
            "status": true,
            "exprtime": 7.1989667891178115
        },
        "q4_pima": {
            "status": true,
            "exprtime": 2.8871026161341526
        },
        "q6_lending": {
            "status": true,
            "exprtime": 80.54228635023968
        },
        "q6_zoo": {
            "status": true,
            "exprtime": 14.919374646464641
        },
        "q4_parkinsons": {
            "status": true,
            "exprtime": 131.56493615047233
        },
        "q6_cleve": {
            "status": true,
            "exprtime": 21.69468859012084
        },
        "q5_liver-disorder": {
            "status": true,
            "exprtime": 32.18062428505842
        },
        "q6_australian": {
            "status": true,
            "exprtime": 24.324921607741413
        },
        "q6_heart-statlog": {
            "status": true,
            "exprtime": 25.840652321032895
        },
        "q4_cancer": {
            "status": true,
            "exprtime": 4.364937020557022
        },
        "q4_glass2": {
            "status": true,
            "exprtime": 87.88228083821407
        },
        "q4_hepatitis": {
            "status": true,
            "exprtime": 147.74808121870143
        },
        "q5_compas": {
            "status": true,
            "exprtime": 317.530252330613
        },
        "q4_biomed": {
            "status": true,
            "exprtime": 57.802273895073334
        },
        "q4_heart-statlog": {
            "status": true,
            "exprtime": 16.09675961159545
        },
        "q6_liver-disorder": {
            "status": true,
            "exprtime": 47.00699907988255
        },
        "q6_pima": {
            "status": true,
            "exprtime": 6.7573028384374565
        },
        "q4_appendicitis": {
            "status": true,
            "exprtime": 3.350670775327611
        },
        "q4_zoo": {
            "status": true,
            "exprtime": 22.402914166666662
        },
        "q6_heart-h": {
            "status": true,
            "exprtime": 21.395089400491987
        },
        "q6_car": {
            "status": true,
            "exprtime": 2274.7021981924913
        },
        "q5_glass2": {
            "status": true,
            "exprtime": 93.75105695391947
        },
        "q5_hepatitis": {
            "status": true,
            "exprtime": 71.7985456221198
        },
        "q4_cleve": {
            "status": true,
            "exprtime": 15.030372292267717
        },
        "q5_biomed": {
            "status": true,
            "exprtime": 124.01924875362096
        },
        "q6_bupa": {
            "status": true,
            "exprtime": 3.966079074159359
        },
        "q4_diabetes": {
            "status": true,
            "exprtime": 2.8643555203644135
        },
        "q5_heart-statlog": {
            "status": true,
            "exprtime": 20.38280026439611
        },
        "q6_parkinsons": {
            "status": true,
            "exprtime": 715.0577781354473
        },
        "q6_hungarian": {
            "status": true,
            "exprtime": 24.177443468343952
        },
        "q5_cancer": {
            "status": true,
            "exprtime": 8.652311781373653
        },
        "q6_schizo": {
            "status": true,
            "exprtime": 53.25469039217393
        },
        "q4_compas": {
            "status": true,
            "exprtime": 237.31516988869362
        },
        "q6_heart-c": {
            "status": true,
            "exprtime": 21.602579486767382
        }
    }
}