{
    "preamble": {
        "program": "xcon$^r_{bnn,cxp}$",
        "prog_args": "xcon$^r_{bnn,cxp}$",
        "prog_alias": "xcon$^r_{bnn,cxp}$",
        "benchmark": null
    },
    "stats": {
        "q6_zoo": {
            "status": true,
            "exprtime": 10.959241287878779
        },
        "q5_hungarian": {
            "status": true,
            "exprtime": 19.80595194811976
        },
        "q4_appendicitis": {
            "status": true,
            "exprtime": 5.4141408333333185
        },
        "q5_australian": {
            "status": true,
            "exprtime": 30.319802114356442
        },
        "q4_schizo": {
            "status": true,
            "exprtime": 42.04647877269101
        },
        "q5_appendicitis": {
            "status": true,
            "exprtime": 6.903619841269829
        },
        "q4_australian": {
            "status": true,
            "exprtime": 20.019046411439852
        },
        "q4_biomed": {
            "status": true,
            "exprtime": 54.91318433991477
        },
        "q6_cancer": {
            "status": true,
            "exprtime": 27.638306231216443
        },
        "q6_hungarian": {
            "status": true,
            "exprtime": 24.030566771218243
        },
        "q6_glass2": {
            "status": true,
            "exprtime": 153.03591710069435
        },
        "q5_bupa": {
            "status": true,
            "exprtime": 3.9175859132803077
        },
        "q5_pima": {
            "status": true,
            "exprtime": 6.084968011163394
        },
        "q6_australian": {
            "status": true,
            "exprtime": 28.8823600838668
        },
        "q6_heart-c": {
            "status": true,
            "exprtime": 24.89903106626138
        },
        "q4_hepatitis": {
            "status": true,
            "exprtime": 56.74186972173934
        },
        "q5_heart-statlog": {
            "status": true,
            "exprtime": 20.92472374186907
        },
        "q5_biomed": {
            "status": true,
            "exprtime": 74.42303929780546
        },
        "q5_cancer": {
            "status": true,
            "exprtime": 16.280685008002703
        },
        "q6_lending": {
            "status": true,
            "exprtime": 262.6070755836222
        },
        "q6_heart-statlog": {
            "status": true,
            "exprtime": 23.397310180989273
        },
        "q4_compas": {
            "status": true,
            "exprtime": 140.51127603777132
        },
        "q6_pima": {
            "status": true,
            "exprtime": 12.429250269445369
        },
        "q6_bupa": {
            "status": true,
            "exprtime": 6.098711228918644
        },
        "q5_liver-disorder": {
            "status": true,
            "exprtime": 26.365862800625308
        },
        "q4_bupa": {
            "status": true,
            "exprtime": 2.275095521719658
        },
        "q6_recidivism": {
            "status": true,
            "exprtime": 120.28407075088647
        },
        "q5_zoo": {
            "status": true,
            "exprtime": 9.33540896464654
        },
        "q6_cleve": {
            "status": true,
            "exprtime": 26.797785167503747
        },
        "q4_pima": {
            "status": true,
            "exprtime": 4.755498942176514
        },
        "q4_heart-statlog": {
            "status": true,
            "exprtime": 17.513780207269704
        },
        "q6_heart-h": {
            "status": true,
            "exprtime": 21.848760216453467
        },
        "q5_schizo": {
            "status": true,
            "exprtime": 66.03600560798529
        },
        "q6_appendicitis": {
            "status": true,
            "exprtime": 10.392592857142873
        },
        "q4_liver-disorder": {
            "status": true,
            "exprtime": 33.342984593428056
        },
        "q4_heart-h": {
            "status": true,
            "exprtime": 13.193256626919931
        },
        "q6_schizo": {
            "status": true,
            "exprtime": 107.9610127987029
        },
        "q5_cleve": {
            "status": true,
            "exprtime": 22.264399141435913
        },
        "q5_diabetes": {
            "status": true,
            "exprtime": 6.772402240047047
        },
        "q4_cancer": {
            "status": true,
            "exprtime": 6.687880648071527
        },
        "q4_diabetes": {
            "status": true,
            "exprtime": 4.890232116368631
        },
        "q5_heart-h": {
            "status": true,
            "exprtime": 20.361802348004638
        },
        "q6_diabetes": {
            "status": true,
            "exprtime": 12.411043116527711
        },
        "q6_hepatitis": {
            "status": true,
            "exprtime": 65.12023877151702
        },
        "q4_glass2": {
            "status": true,
            "exprtime": 58.81165562169317
        },
        "q5_compas": {
            "status": true,
            "exprtime": 219.59039504653603
        },
        "q4_parkinsons": {
            "status": true,
            "exprtime": 83.43323212851544
        },
        "q4_heart-c": {
            "status": true,
            "exprtime": 15.72867525808217
        },
        "q6_adult": {
            "status": true,
            "exprtime": 200.76721320360056
        },
        "q4_zoo": {
            "status": true,
            "exprtime": 9.84512155122653
        },
        "q5_parkinsons": {
            "status": true,
            "exprtime": 131.63595001608763
        },
        "q5_hepatitis": {
            "status": true,
            "exprtime": 59.487273686635184
        },
        "q5_heart-c": {
            "status": true,
            "exprtime": 23.935532098089983
        },
        "q6_house-votes-84": {
            "status": true,
            "exprtime": 10.78698374546144
        },
        "q6_compas": {
            "status": true,
            "exprtime": 167.78809739052343
        },
        "q5_glass2": {
            "status": true,
            "exprtime": 64.57506304385849
        },
        "q6_liver-disorder": {
            "status": true,
            "exprtime": 47.66411388305325
        },
        "q4_cleve": {
            "status": true,
            "exprtime": 18.190893154422724
        },
        "q4_hungarian": {
            "status": true,
            "exprtime": 17.309022358016154
        },
        "q6_parkinsons": {
            "status": true,
            "exprtime": 220.96960066691454
        },
        "q6_car": {
            "status": true,
            "exprtime": 1973.0026881323788
        },
        "q6_biomed": {
            "status": true,
            "exprtime": 120.297805099464
        }
    }
}