{
    "preamble": {
        "program": "xcon$^r_{bt,cxp}$",
        "prog_args": "xcon$^r_{bt,cxp}$",
        "prog_alias": "xcon$^r_{bt,cxp}$",
        "benchmark": null
    },
    "stats": {
        "q4_zoo": {
            "status": true,
            "exprtime": 21.254786190476203
        },
        "q6_appendicitis": {
            "status": true,
            "exprtime": 11.98149553700269
        },
        "q4_australian": {
            "status": true,
            "exprtime": 27.939067443201527
        },
        "q6_biomed": {
            "status": true,
            "exprtime": 11.283184984245791
        },
        "q5_schizo": {
            "status": true,
            "exprtime": 20.325605223880565
        },
        "q6_car": {
            "status": true,
            "exprtime": 50.30286628131019
        },
        "q5_compas": {
            "status": true,
            "exprtime": 24.931467508964072
        },
        "q4_heart-c": {
            "status": true,
            "exprtime": 15.400721311475403
        },
        "q6_schizo": {
            "status": true,
            "exprtime": 19.699943089746085
        },
        "q4_heart-statlog": {
            "status": true,
            "exprtime": 16.185420029239776
        },
        "q4_hepatitis": {
            "status": true,
            "exprtime": 13.293614516129033
        },
        "q5_cleve": {
            "status": true,
            "exprtime": 16.778040437158474
        },
        "q6_heart-c": {
            "status": true,
            "exprtime": 18.00469109151855
        },
        "q6_compas": {
            "status": true,
            "exprtime": 27.370932058201088
        },
        "q6_heart-statlog": {
            "status": true,
            "exprtime": 16.81439828042328
        },
        "q4_glass2": {
            "status": true,
            "exprtime": 12.157382198912208
        },
        "q5_zoo": {
            "status": true,
            "exprtime": 22.056729019607847
        },
        "q5_biomed": {
            "status": true,
            "exprtime": 11.593048183140159
        },
        "q6_cleve": {
            "status": true,
            "exprtime": 17.059971857923458
        },
        "q6_lending": {
            "status": true,
            "exprtime": 89.01947746021189
        },
        "q4_hungarian": {
            "status": true,
            "exprtime": 11.366420749454173
        },
        "q5_heart-h": {
            "status": true,
            "exprtime": 11.98117000691384
        },
        "q6_recidivism": {
            "status": true,
            "exprtime": 82.04268053930372
        },
        "q5_diabetes": {
            "status": true,
            "exprtime": 20.956263530132908
        },
        "q4_appendicitis": {
            "status": true,
            "exprtime": 12.010260952380955
        },
        "q4_cleve": {
            "status": true,
            "exprtime": 15.054762618818021
        },
        "q6_zoo": {
            "status": true,
            "exprtime": 20.640341666666668
        },
        "q6_house-votes-84": {
            "status": true,
            "exprtime": 11.402376749449177
        },
        "q4_cancer": {
            "status": true,
            "exprtime": 16.334076723448995
        },
        "q4_parkinsons": {
            "status": true,
            "exprtime": 12.55584102564104
        },
        "q6_bupa": {
            "status": true,
            "exprtime": 18.41222250687678
        },
        "q6_glass2": {
            "status": true,
            "exprtime": 11.61270712793923
        },
        "q5_heart-c": {
            "status": true,
            "exprtime": 17.639056188938614
        },
        "q4_schizo": {
            "status": true,
            "exprtime": 18.339470974077003
        },
        "q6_australian": {
            "status": true,
            "exprtime": 33.90784423008536
        },
        "q5_bupa": {
            "status": true,
            "exprtime": 20.93076914362521
        },
        "q4_compas": {
            "status": true,
            "exprtime": 22.86850061511798
        },
        "q4_diabetes": {
            "status": true,
            "exprtime": 25.850960090911517
        },
        "q6_liver-disorder": {
            "status": true,
            "exprtime": 18.481242256069145
        },
        "q5_pima": {
            "status": true,
            "exprtime": 23.43576593651481
        },
        "q6_diabetes": {
            "status": true,
            "exprtime": 19.348893686085795
        },
        "q5_appendicitis": {
            "status": true,
            "exprtime": 13.57166300075586
        },
        "q5_heart-statlog": {
            "status": true,
            "exprtime": 16.185518981481476
        },
        "q6_adult": {
            "status": true,
            "exprtime": 217.02380896265416
        },
        "q5_hepatitis": {
            "status": true,
            "exprtime": 14.854066086864854
        },
        "q6_pima": {
            "status": true,
            "exprtime": 19.5029401910541
        },
        "q5_glass2": {
            "status": true,
            "exprtime": 11.581156792365888
        },
        "q5_liver-disorder": {
            "status": true,
            "exprtime": 20.756813731260337
        },
        "q5_parkinsons": {
            "status": true,
            "exprtime": 13.499311240786245
        },
        "q6_hepatitis": {
            "status": true,
            "exprtime": 14.462111423046865
        },
        "q4_biomed": {
            "status": true,
            "exprtime": 11.383849102057619
        },
        "q4_pima": {
            "status": true,
            "exprtime": 20.194372290579715
        },
        "q4_liver-disorder": {
            "status": true,
            "exprtime": 24.112893421685442
        },
        "q6_cancer": {
            "status": true,
            "exprtime": 18.345504768256564
        },
        "q5_australian": {
            "status": true,
            "exprtime": 29.419206838310565
        },
        "q4_heart-h": {
            "status": true,
            "exprtime": 11.976588030919451
        },
        "q6_hungarian": {
            "status": true,
            "exprtime": 12.149977951703976
        },
        "q5_hungarian": {
            "status": true,
            "exprtime": 12.93189393997216
        },
        "q6_parkinsons": {
            "status": true,
            "exprtime": 16.636713675213667
        },
        "q5_cancer": {
            "status": true,
            "exprtime": 13.734376164233618
        },
        "q4_bupa": {
            "status": true,
            "exprtime": 23.220081123426418
        },
        "q6_heart-h": {
            "status": true,
            "exprtime": 11.987328230670096
        }
    }
}