{
    "preamble": {
        "program": "xcon$^r_{dl,cxp}$",
        "prog_args": "xcon$^r_{dl,cxp}$",
        "prog_alias": "xcon$^r_{dl,cxp}$",
        "benchmark": null
    },
    "stats": {
        "q4_heart-statlog": {
            "status": true,
            "exprtime": 1.376302735970324
        },
        "q5_liver-disorder": {
            "status": true,
            "exprtime": 0.3358817520442544
        },
        "q4_bupa": {
            "status": true,
            "exprtime": 0.2528203201970424
        },
        "q6_diabetes": {
            "status": true,
            "exprtime": 0.4636598009285766
        },
        "q4_biomed": {
            "status": true,
            "exprtime": 0.37223850174216033
        },
        "q4_liver-disorder": {
            "status": true,
            "exprtime": 0.26466050796182117
        },
        "q5_cancer": {
            "status": true,
            "exprtime": 0.3911850287945682
        },
        "q6_cleve": {
            "status": true,
            "exprtime": 1.612742589074108
        },
        "q6_biomed": {
            "status": true,
            "exprtime": 0.4631660894660899
        },
        "q5_diabetes": {
            "status": true,
            "exprtime": 0.44231298747956416
        },
        "q6_house-votes-84": {
            "status": true,
            "exprtime": 3.0074542386414977
        },
        "q4_zoo": {
            "status": true,
            "exprtime": 0.6750524100899107
        },
        "q6_hepatitis": {
            "status": true,
            "exprtime": 20.214908394691992
        },
        "q6_recidivism": {
            "status": true,
            "exprtime": 6.168885080254755
        },
        "q5_cleve": {
            "status": true,
            "exprtime": 1.5606754232387674
        },
        "q5_biomed": {
            "status": true,
            "exprtime": 0.45123097887562247
        },
        "q4_pima": {
            "status": true,
            "exprtime": 0.38593145924227473
        },
        "q6_heart-h": {
            "status": true,
            "exprtime": 1.1534265823842138
        },
        "q6_cancer": {
            "status": true,
            "exprtime": 0.4282227634004623
        },
        "q4_cancer": {
            "status": true,
            "exprtime": 0.358118926926819
        },
        "q6_heart-c": {
            "status": true,
            "exprtime": 1.4918075289773058
        },
        "q5_australian": {
            "status": true,
            "exprtime": 1.722538353568974
        },
        "q6_hungarian": {
            "status": true,
            "exprtime": 1.2684017441871518
        },
        "q4_australian": {
            "status": true,
            "exprtime": 1.586062228037
        },
        "q5_zoo": {
            "status": true,
            "exprtime": 0.646197510049863
        },
        "q6_australian": {
            "status": true,
            "exprtime": 1.9378224434605147
        },
        "q4_glass2": {
            "status": true,
            "exprtime": 0.40301277777777955
        },
        "q5_pima": {
            "status": true,
            "exprtime": 0.45208251921411985
        },
        "q5_hepatitis": {
            "status": true,
            "exprtime": 17.97196515326136
        },
        "q5_compas": {
            "status": true,
            "exprtime": 0.34214386258732776
        },
        "q6_lending": {
            "status": true,
            "exprtime": 1.9290198078986178
        },
        "q4_hungarian": {
            "status": true,
            "exprtime": 1.1635481741348175
        },
        "q6_adult": {
            "status": true,
            "exprtime": 1.7997009420509242
        },
        "q6_liver-disorder": {
            "status": true,
            "exprtime": 0.27667397292250295
        },
        "q6_schizo": {
            "status": true,
            "exprtime": 3.734138181601065
        },
        "q5_heart-h": {
            "status": true,
            "exprtime": 1.0725136357993543
        },
        "q4_diabetes": {
            "status": true,
            "exprtime": 0.4020599820929271
        },
        "q5_heart-c": {
            "status": true,
            "exprtime": 1.4770828561143323
        },
        "q6_zoo": {
            "status": true,
            "exprtime": 0.7081703703703687
        },
        "q4_schizo": {
            "status": true,
            "exprtime": 3.0387788324859213
        },
        "q4_hepatitis": {
            "status": true,
            "exprtime": 16.617252006208982
        },
        "q4_parkinsons": {
            "status": true,
            "exprtime": 18.582453680099448
        },
        "q5_heart-statlog": {
            "status": true,
            "exprtime": 1.4341634395197327
        },
        "q5_parkinsons": {
            "status": true,
            "exprtime": 11.645063236929136
        },
        "q6_parkinsons": {
            "status": true,
            "exprtime": 12.759091769894475
        },
        "q6_bupa": {
            "status": true,
            "exprtime": 0.29723772828733874
        },
        "q6_glass2": {
            "status": true,
            "exprtime": 0.5882291418650807
        },
        "q5_hungarian": {
            "status": true,
            "exprtime": 1.0836706320359841
        },
        "q5_glass2": {
            "status": true,
            "exprtime": 0.46934256854256756
        },
        "q4_appendicitis": {
            "status": true,
            "exprtime": 0.2996986904761933
        },
        "q4_compas": {
            "status": true,
            "exprtime": 0.3388385835917533
        },
        "q6_car": {
            "status": true,
            "exprtime": 0.27961913937058286
        },
        "q6_heart-statlog": {
            "status": true,
            "exprtime": 1.4964672475981133
        },
        "q5_appendicitis": {
            "status": true,
            "exprtime": 0.3250912698412703
        },
        "q5_bupa": {
            "status": true,
            "exprtime": 0.3381079493087559
        },
        "q4_heart-h": {
            "status": true,
            "exprtime": 1.2426219904940121
        },
        "q5_schizo": {
            "status": true,
            "exprtime": 3.7408040950200845
        },
        "q4_heart-c": {
            "status": true,
            "exprtime": 1.2793311344285572
        },
        "q6_pima": {
            "status": true,
            "exprtime": 0.4811004133721239
        },
        "q6_appendicitis": {
            "status": true,
            "exprtime": 0.3781420634920633
        },
        "q6_compas": {
            "status": true,
            "exprtime": 0.3609400072520084
        },
        "q4_cleve": {
            "status": true,
            "exprtime": 1.34196876852409
        }
    }
}