{
    "preamble": {
        "program": "xcon$_{bt,cxp}$",
        "prog_args": "xcon$_{bt,cxp}$",
        "prog_alias": "xcon$_{bt,cxp}$",
        "benchmark": null
    },
    "stats": {
        "q5_heart-statlog": {
            "status": true,
            "exprtime": 82.49472285190033
        },
        "q4_hungarian": {
            "status": true,
            "exprtime": 57.30808661625694
        },
        "q4_bupa": {
            "status": true,
            "exprtime": 28.319787519281473
        },
        "q5_heart-c": {
            "status": true,
            "exprtime": 73.91092167428847
        },
        "q5_hepatitis": {
            "status": true,
            "exprtime": 58.803928020037645
        },
        "q5_bupa": {
            "status": true,
            "exprtime": 26.72733969534051
        },
        "q6_heart-statlog": {
            "status": true,
            "exprtime": 78.51949024077777
        },
        "q6_schizo": {
            "status": true,
            "exprtime": 64.10432188668545
        },
        "q6_glass2": {
            "status": true,
            "exprtime": 44.91874446924605
        },
        "q5_australian": {
            "status": true,
            "exprtime": 160.52254619997257
        },
        "q6_bupa": {
            "status": true,
            "exprtime": 31.105642100694464
        },
        "q6_compas": {
            "status": true,
            "exprtime": 48.62513872290574
        },
        "q5_parkinsons": {
            "status": true,
            "exprtime": 78.66422540749306
        },
        "q5_hungarian": {
            "status": true,
            "exprtime": 51.46077356500407
        },
        "q5_diabetes": {
            "status": true,
            "exprtime": 60.24310845285054
        },
        "q6_cancer": {
            "status": true,
            "exprtime": 60.815298826540506
        },
        "q4_hepatitis": {
            "status": true,
            "exprtime": 78.24712462100861
        },
        "q5_zoo": {
            "status": true,
            "exprtime": 115.08689523809525
        },
        "q4_heart-h": {
            "status": true,
            "exprtime": 63.00184914528509
        },
        "q6_recidivism": {
            "status": true,
            "exprtime": 101.3567756611041
        },
        "q4_heart-statlog": {
            "status": true,
            "exprtime": 72.41586678411151
        },
        "q4_biomed": {
            "status": true,
            "exprtime": 35.1910445002829
        },
        "q6_car": {
            "status": true,
            "exprtime": 67.46364737820001
        },
        "q6_heart-h": {
            "status": true,
            "exprtime": 58.92123030707548
        },
        "q4_cleve": {
            "status": true,
            "exprtime": 69.78693845452739
        },
        "q5_biomed": {
            "status": true,
            "exprtime": 32.334675897355865
        },
        "q6_lending": {
            "status": true,
            "exprtime": 117.92295003573076
        },
        "q6_hungarian": {
            "status": true,
            "exprtime": 44.53148293848517
        },
        "q6_house-votes-84": {
            "status": true,
            "exprtime": 49.01628070993535
        },
        "q6_appendicitis": {
            "status": true,
            "exprtime": 43.48582857142855
        },
        "q4_schizo": {
            "status": true,
            "exprtime": 97.56572325402632
        },
        "q4_diabetes": {
            "status": true,
            "exprtime": 54.58032944737961
        },
        "q6_pima": {
            "status": true,
            "exprtime": 70.13698797878054
        },
        "q5_schizo": {
            "status": true,
            "exprtime": 80.27524584305763
        },
        "q6_australian": {
            "status": true,
            "exprtime": 137.5005162631821
        },
        "q5_glass2": {
            "status": true,
            "exprtime": 43.51622352304559
        },
        "q4_pima": {
            "status": true,
            "exprtime": 62.77510161855273
        },
        "q5_pima": {
            "status": true,
            "exprtime": 49.893302776125715
        },
        "q4_glass2": {
            "status": true,
            "exprtime": 44.82797738095237
        },
        "q4_australian": {
            "status": true,
            "exprtime": 137.43668443614575
        },
        "q5_heart-h": {
            "status": true,
            "exprtime": 64.43076688245917
        },
        "q5_liver-disorder": {
            "status": true,
            "exprtime": 57.17951582491582
        },
        "q6_diabetes": {
            "status": true,
            "exprtime": 69.17958040560667
        },
        "q4_heart-c": {
            "status": true,
            "exprtime": 76.01374356468355
        },
        "q5_compas": {
            "status": true,
            "exprtime": 38.90884355086383
        },
        "q4_cancer": {
            "status": true,
            "exprtime": 49.39515142746581
        },
        "q4_parkinsons": {
            "status": true,
            "exprtime": 65.52851039315199
        },
        "q6_adult": {
            "status": true,
            "exprtime": 147.71063367792246
        },
        "q5_appendicitis": {
            "status": true,
            "exprtime": 30.791108503401343
        },
        "q4_compas": {
            "status": true,
            "exprtime": 45.21816857715363
        },
        "q5_cancer": {
            "status": true,
            "exprtime": 39.475279136215605
        },
        "q6_cleve": {
            "status": true,
            "exprtime": 95.01207348085512
        },
        "q6_heart-c": {
            "status": true,
            "exprtime": 92.90407451640554
        },
        "q6_parkinsons": {
            "status": true,
            "exprtime": 87.27667206720295
        },
        "q6_liver-disorder": {
            "status": true,
            "exprtime": 37.95517635387485
        },
        "q6_hepatitis": {
            "status": true,
            "exprtime": 65.21877984997933
        },
        "q4_appendicitis": {
            "status": true,
            "exprtime": 68.70259273809525
        },
        "q4_zoo": {
            "status": true,
            "exprtime": 109.0701349206349
        },
        "q4_liver-disorder": {
            "status": true,
            "exprtime": 56.168371164021124
        },
        "q5_cleve": {
            "status": true,
            "exprtime": 66.37913368340519
        },
        "q6_biomed": {
            "status": true,
            "exprtime": 36.15264317606998
        },
        "q6_zoo": {
            "status": true,
            "exprtime": 106.87841666666667
        }
    }
}