{
    "preamble": {
        "program": "xcon$_{dl,cxp}$",
        "prog_args": "xcon$_{dl,cxp}$",
        "prog_alias": "xcon$_{dl,cxp}$",
        "benchmark": null
    },
    "stats": {
        "q5_compas": {
            "status": true,
            "exprtime": 0.37887416984320493
        },
        "q4_diabetes": {
            "status": true,
            "exprtime": 0.6345257963140447
        },
        "q5_parkinsons": {
            "status": true,
            "exprtime": 0.5066576576576599
        },
        "q6_liver-disorder": {
            "status": true,
            "exprtime": 0.6115882352941154
        },
        "q5_cancer": {
            "status": true,
            "exprtime": 0.37175090579709963
        },
        "q4_heart-statlog": {
            "status": true,
            "exprtime": 0.4322275793650822
        },
        "q4_cleve": {
            "status": true,
            "exprtime": 0.4416645784543315
        },
        "q4_glass2": {
            "status": true,
            "exprtime": 0.3782999999999993
        },
        "q4_heart-c": {
            "status": true,
            "exprtime": 0.41738091334894706
        },
        "q5_schizo": {
            "status": true,
            "exprtime": 0.5281354892205686
        },
        "q6_parkinsons": {
            "status": true,
            "exprtime": 0.6155384615384589
        },
        "q6_hungarian": {
            "status": true,
            "exprtime": 0.5813933908045976
        },
        "q5_zoo": {
            "status": true,
            "exprtime": 0.27748888888890055
        },
        "q5_appendicitis": {
            "status": true,
            "exprtime": 0.31318730158729097
        },
        "q6_biomed": {
            "status": true,
            "exprtime": 0.4239761904761922
        },
        "q4_schizo": {
            "status": true,
            "exprtime": 0.4904540748637764
        },
        "q6_lending": {
            "status": true,
            "exprtime": 2.8161296045104267
        },
        "q6_hepatitis": {
            "status": true,
            "exprtime": 0.4723306451612871
        },
        "q5_australian": {
            "status": true,
            "exprtime": 0.4606502904301854
        },
        "q5_diabetes": {
            "status": true,
            "exprtime": 0.6248549038158249
        },
        "q6_heart-c": {
            "status": true,
            "exprtime": 0.4972939890710402
        },
        "q4_cancer": {
            "status": true,
            "exprtime": 0.3697558922558923
        },
        "q5_liver-disorder": {
            "status": true,
            "exprtime": 0.552316919191919
        },
        "q4_compas": {
            "status": true,
            "exprtime": 0.3934872302728059
        },
        "q6_australian": {
            "status": true,
            "exprtime": 0.5071388338547097
        },
        "q5_heart-h": {
            "status": true,
            "exprtime": 0.4616666666666643
        },
        "q5_glass2": {
            "status": true,
            "exprtime": 0.43093939393939623
        },
        "q4_appendicitis": {
            "status": true,
            "exprtime": 0.3177237500000066
        },
        "q6_car": {
            "status": true,
            "exprtime": 0.31532369942196153
        },
        "q6_zoo": {
            "status": true,
            "exprtime": 0.44157777777778023
        },
        "q5_biomed": {
            "status": true,
            "exprtime": 0.3418690476190515
        },
        "q4_bupa": {
            "status": true,
            "exprtime": 0.567040229885057
        },
        "q4_hungarian": {
            "status": true,
            "exprtime": 0.4384776836158222
        },
        "q6_schizo": {
            "status": true,
            "exprtime": 0.6352313432835784
        },
        "q4_heart-h": {
            "status": true,
            "exprtime": 0.47231900656814535
        },
        "q6_heart-statlog": {
            "status": true,
            "exprtime": 0.4057648148148177
        },
        "q5_hepatitis": {
            "status": true,
            "exprtime": 0.47082526881720094
        },
        "q5_cleve": {
            "status": true,
            "exprtime": 0.5207739916731733
        },
        "q6_recidivism": {
            "status": true,
            "exprtime": 3.8884566139390255
        },
        "q4_zoo": {
            "status": true,
            "exprtime": 0.5209111111111171
        },
        "q6_compas": {
            "status": true,
            "exprtime": 0.37870084055922276
        },
        "q4_australian": {
            "status": true,
            "exprtime": 0.5136011089275675
        },
        "q6_cancer": {
            "status": true,
            "exprtime": 0.42806443298969227
        },
        "q4_pima": {
            "status": true,
            "exprtime": 0.5969950574712694
        },
        "q6_bupa": {
            "status": true,
            "exprtime": 0.59485546875
        },
        "q6_glass2": {
            "status": true,
            "exprtime": 0.4772578124999944
        },
        "q5_pima": {
            "status": true,
            "exprtime": 0.6649008658008663
        },
        "q5_heart-statlog": {
            "status": true,
            "exprtime": 0.46195555555555906
        },
        "q5_hungarian": {
            "status": true,
            "exprtime": 0.4657395480225958
        },
        "q6_adult": {
            "status": true,
            "exprtime": 3.280623119995944
        },
        "q6_diabetes": {
            "status": true,
            "exprtime": 0.7423698051948053
        },
        "q6_cleve": {
            "status": true,
            "exprtime": 0.5018396955503523
        },
        "q4_liver-disorder": {
            "status": true,
            "exprtime": 0.4905964912280705
        },
        "q6_heart-h": {
            "status": true,
            "exprtime": 0.552586884584337
        },
        "q5_heart-c": {
            "status": true,
            "exprtime": 0.42233052302888385
        },
        "q6_house-votes-84": {
            "status": true,
            "exprtime": 0.1885862051951107
        },
        "q6_appendicitis": {
            "status": true,
            "exprtime": 0.3324047619047582
        },
        "q4_biomed": {
            "status": true,
            "exprtime": 0.3599284552845537
        },
        "q4_parkinsons": {
            "status": true,
            "exprtime": 0.5684670940170946
        },
        "q4_hepatitis": {
            "status": true,
            "exprtime": 0.3038902911604499
        },
        "q6_pima": {
            "status": true,
            "exprtime": 0.6941377995642708
        },
        "q5_bupa": {
            "status": true,
            "exprtime": 0.5669220430107473
        }
    }
}