{
    "preamble": {
        "program": "xcon$_{dl,cxp}$",
        "prog_args": "xcon$_{dl,cxp}$",
        "prog_alias": "xcon$_{dl,cxp}$",
        "benchmark": null
    },
    "stats": {
        "q4_biomed": {
            "status": true,
            "exprtime": 0.15228298490127667
        },
        "q6_appendicitis": {
            "status": true,
            "exprtime": 0.220343424036291
        },
        "q6_house-votes-84": {
            "status": true,
            "exprtime": 0.38913960544782533
        },
        "q4_parkinsons": {
            "status": true,
            "exprtime": 0.3215546906796889
        },
        "q4_hepatitis": {
            "status": true,
            "exprtime": 0.26065727901131
        },
        "q5_bupa": {
            "status": true,
            "exprtime": 0.19101720430107524
        },
        "q6_pima": {
            "status": true,
            "exprtime": 0.25219410750832255
        },
        "q5_heart-statlog": {
            "status": true,
            "exprtime": 0.20418421604116027
        },
        "q6_glass2": {
            "status": true,
            "exprtime": 0.16662857142857251
        },
        "q5_pima": {
            "status": true,
            "exprtime": 0.2508715754483628
        },
        "q6_bupa": {
            "status": true,
            "exprtime": 0.19609356398809433
        },
        "q5_hungarian": {
            "status": true,
            "exprtime": 0.22015609188363416
        },
        "q6_adult": {
            "status": true,
            "exprtime": 0.941136509706541
        },
        "q6_diabetes": {
            "status": true,
            "exprtime": 0.24523779890744155
        },
        "q4_liver-disorder": {
            "status": true,
            "exprtime": 0.1626122807017549
        },
        "q6_cleve": {
            "status": true,
            "exprtime": 0.24756465260604696
        },
        "q6_heart-h": {
            "status": true,
            "exprtime": 0.3048593898125787
        },
        "q5_heart-c": {
            "status": true,
            "exprtime": 0.26472346173862604
        },
        "q5_cleve": {
            "status": true,
            "exprtime": 0.24313283292299678
        },
        "q5_hepatitis": {
            "status": true,
            "exprtime": 0.319201139272914
        },
        "q6_heart-statlog": {
            "status": true,
            "exprtime": 0.24510950176366939
        },
        "q6_recidivism": {
            "status": true,
            "exprtime": 2.2754058741083467
        },
        "q4_zoo": {
            "status": true,
            "exprtime": 0.2865347089947105
        },
        "q6_compas": {
            "status": true,
            "exprtime": 0.3208498560219743
        },
        "q4_australian": {
            "status": true,
            "exprtime": 0.31535461626838174
        },
        "q4_pima": {
            "status": true,
            "exprtime": 0.2551982183908041
        },
        "q6_cancer": {
            "status": true,
            "exprtime": 0.23543158648338988
        },
        "q6_zoo": {
            "status": true,
            "exprtime": 0.18111968253968064
        },
        "q6_car": {
            "status": true,
            "exprtime": 0.2690648694834375
        },
        "q4_bupa": {
            "status": true,
            "exprtime": 0.16924289819375987
        },
        "q5_biomed": {
            "status": true,
            "exprtime": 0.20947261904762057
        },
        "q4_heart-h": {
            "status": true,
            "exprtime": 0.21431654537990721
        },
        "q4_hungarian": {
            "status": true,
            "exprtime": 0.2284641360052381
        },
        "q6_schizo": {
            "status": true,
            "exprtime": 0.24459398623764264
        },
        "q4_cancer": {
            "status": true,
            "exprtime": 0.16532795851735135
        },
        "q5_liver-disorder": {
            "status": true,
            "exprtime": 0.2097027417027411
        },
        "q5_diabetes": {
            "status": true,
            "exprtime": 0.26897668190896695
        },
        "q6_heart-c": {
            "status": true,
            "exprtime": 0.2465475569512465
        },
        "q4_compas": {
            "status": true,
            "exprtime": 0.31435684430371674
        },
        "q5_heart-h": {
            "status": true,
            "exprtime": 0.2430255454794252
        },
        "q6_australian": {
            "status": true,
            "exprtime": 0.2568859777489334
        },
        "q4_appendicitis": {
            "status": true,
            "exprtime": 0.24943333333333068
        },
        "q5_glass2": {
            "status": true,
            "exprtime": 0.19356558441558405
        },
        "q4_schizo": {
            "status": true,
            "exprtime": 0.3910982613365076
        },
        "q6_lending": {
            "status": true,
            "exprtime": 1.5607489890908721
        },
        "q6_hepatitis": {
            "status": true,
            "exprtime": 0.3873592270632569
        },
        "q5_australian": {
            "status": true,
            "exprtime": 0.2844114214288138
        },
        "q4_heart-c": {
            "status": true,
            "exprtime": 0.24899731275100143
        },
        "q5_schizo": {
            "status": true,
            "exprtime": 0.267625345674227
        },
        "q6_parkinsons": {
            "status": true,
            "exprtime": 0.2558346753673691
        },
        "q6_hungarian": {
            "status": true,
            "exprtime": 0.24179858156690015
        },
        "q6_biomed": {
            "status": true,
            "exprtime": 0.18336938775510148
        },
        "q5_zoo": {
            "status": true,
            "exprtime": 0.2847437037036997
        },
        "q5_appendicitis": {
            "status": true,
            "exprtime": 0.19355782312925154
        },
        "q6_liver-disorder": {
            "status": true,
            "exprtime": 0.23129975490196114
        },
        "q5_parkinsons": {
            "status": true,
            "exprtime": 0.40382280332280224
        },
        "q4_diabetes": {
            "status": true,
            "exprtime": 0.27756572037209576
        },
        "q5_compas": {
            "status": true,
            "exprtime": 0.3689009389377709
        },
        "q5_cancer": {
            "status": true,
            "exprtime": 0.17690075483091922
        },
        "q4_glass2": {
            "status": true,
            "exprtime": 0.17786841269841275
        },
        "q4_heart-statlog": {
            "status": true,
            "exprtime": 0.22146988101918644
        },
        "q4_cleve": {
            "status": true,
            "exprtime": 0.29554268077095946
        }
    }
}