{
    "preamble": {
        "program": "xcon$^r_{bt,cxp}$",
        "prog_args": "xcon$^r_{bt,cxp}$",
        "prog_alias": "xcon$^r_{bt,cxp}$",
        "benchmark": null
    },
    "stats": {
        "q6_car": {
            "status": true,
            "exprtime": 74.05359238232829
        },
        "q5_schizo": {
            "status": true,
            "exprtime": 95.02629526514303
        },
        "q4_heart-c": {
            "status": true,
            "exprtime": 55.1866218117397
        },
        "q5_compas": {
            "status": true,
            "exprtime": 28.973027794007365
        },
        "q4_zoo": {
            "status": true,
            "exprtime": 142.5526632557258
        },
        "q6_biomed": {
            "status": true,
            "exprtime": 35.7654737812452
        },
        "q6_appendicitis": {
            "status": true,
            "exprtime": 39.509114285714276
        },
        "q4_australian": {
            "status": true,
            "exprtime": 78.60828587367132
        },
        "q4_glass2": {
            "status": true,
            "exprtime": 32.59594938792692
        },
        "q5_zoo": {
            "status": true,
            "exprtime": 147.40084110997938
        },
        "q6_heart-statlog": {
            "status": true,
            "exprtime": 58.30365978858943
        },
        "q5_biomed": {
            "status": true,
            "exprtime": 32.72932669962312
        },
        "q4_hepatitis": {
            "status": true,
            "exprtime": 92.51689543101438
        },
        "q4_heart-statlog": {
            "status": true,
            "exprtime": 59.527983006053695
        },
        "q5_cleve": {
            "status": true,
            "exprtime": 59.95950475864478
        },
        "q6_schizo": {
            "status": true,
            "exprtime": 85.90156841108939
        },
        "q6_heart-c": {
            "status": true,
            "exprtime": 58.14956879170022
        },
        "q6_compas": {
            "status": true,
            "exprtime": 30.76366358465609
        },
        "q5_heart-h": {
            "status": true,
            "exprtime": 46.52671324083424
        },
        "q6_recidivism": {
            "status": true,
            "exprtime": 142.8286749219507
        },
        "q5_diabetes": {
            "status": true,
            "exprtime": 44.93648503754016
        },
        "q4_appendicitis": {
            "status": true,
            "exprtime": 51.650775000000024
        },
        "q6_lending": {
            "status": true,
            "exprtime": 223.4965485190904
        },
        "q6_cleve": {
            "status": true,
            "exprtime": 59.7894899664967
        },
        "q4_hungarian": {
            "status": true,
            "exprtime": 48.330670857009714
        },
        "q4_parkinsons": {
            "status": true,
            "exprtime": 83.39420442275684
        },
        "q6_house-votes-84": {
            "status": true,
            "exprtime": 70.60066914428188
        },
        "q4_cancer": {
            "status": true,
            "exprtime": 42.04133472521839
        },
        "q6_zoo": {
            "status": true,
            "exprtime": 112.0525615873016
        },
        "q4_cleve": {
            "status": true,
            "exprtime": 58.1604323036009
        },
        "q5_bupa": {
            "status": true,
            "exprtime": 26.395636136712692
        },
        "q4_schizo": {
            "status": true,
            "exprtime": 101.51167586513571
        },
        "q6_australian": {
            "status": true,
            "exprtime": 84.58393789320634
        },
        "q6_liver-disorder": {
            "status": true,
            "exprtime": 29.613158012371628
        },
        "q4_diabetes": {
            "status": true,
            "exprtime": 41.88001197100431
        },
        "q4_compas": {
            "status": true,
            "exprtime": 29.481484816413023
        },
        "q6_bupa": {
            "status": true,
            "exprtime": 30.05353322172624
        },
        "q6_glass2": {
            "status": true,
            "exprtime": 33.62779028341453
        },
        "q5_heart-c": {
            "status": true,
            "exprtime": 58.77978262725278
        },
        "q5_glass2": {
            "status": true,
            "exprtime": 31.78751872294372
        },
        "q5_liver-disorder": {
            "status": true,
            "exprtime": 28.124447408609853
        },
        "q6_adult": {
            "status": true,
            "exprtime": 325.3336620648615
        },
        "q6_pima": {
            "status": true,
            "exprtime": 48.35215572538792
        },
        "q5_hepatitis": {
            "status": true,
            "exprtime": 81.2628129883715
        },
        "q4_biomed": {
            "status": true,
            "exprtime": 30.24591136803575
        },
        "q5_parkinsons": {
            "status": true,
            "exprtime": 78.67672156035545
        },
        "q6_hepatitis": {
            "status": true,
            "exprtime": 98.52297223381451
        },
        "q6_diabetes": {
            "status": true,
            "exprtime": 47.188746185056665
        },
        "q5_pima": {
            "status": true,
            "exprtime": 45.12012721199217
        },
        "q5_heart-statlog": {
            "status": true,
            "exprtime": 59.011639466918275
        },
        "q5_appendicitis": {
            "status": true,
            "exprtime": 34.40465238095235
        },
        "q6_hungarian": {
            "status": true,
            "exprtime": 51.67938105322285
        },
        "q5_hungarian": {
            "status": true,
            "exprtime": 51.490980345854666
        },
        "q5_australian": {
            "status": true,
            "exprtime": 75.82416848390959
        },
        "q4_pima": {
            "status": true,
            "exprtime": 41.75016694917671
        },
        "q4_liver-disorder": {
            "status": true,
            "exprtime": 27.673163199665865
        },
        "q6_cancer": {
            "status": true,
            "exprtime": 50.79625901920243
        },
        "q4_heart-h": {
            "status": true,
            "exprtime": 46.55573671547773
        },
        "q4_bupa": {
            "status": true,
            "exprtime": 25.384660652709414
        },
        "q5_cancer": {
            "status": true,
            "exprtime": 47.131490772532985
        },
        "q6_heart-h": {
            "status": true,
            "exprtime": 46.54884392345251
        },
        "q6_parkinsons": {
            "status": true,
            "exprtime": 95.19569816836842
        }
    }
}