{
    "preamble": {
        "program": "xcon$^r_{bnn,cxp}$",
        "prog_args": "xcon$^r_{bnn,cxp}$",
        "prog_alias": "xcon$^r_{bnn,cxp}$",
        "benchmark": null
    },
    "stats": {
        "q4_compas": {
            "status": true,
            "exprtime": 157.30764843783686
        },
        "q6_heart-statlog": {
            "status": true,
            "exprtime": 8.164208864977624
        },
        "q6_lending": {
            "status": true,
            "exprtime": 134.71621578751652
        },
        "q6_bupa": {
            "status": true,
            "exprtime": 3.2128589719742053
        },
        "q6_pima": {
            "status": true,
            "exprtime": 4.711006401337606
        },
        "q4_pima": {
            "status": true,
            "exprtime": 2.3013030322162984
        },
        "q6_cleve": {
            "status": true,
            "exprtime": 9.400333948129338
        },
        "q5_zoo": {
            "status": true,
            "exprtime": 4.6640608465608056
        },
        "q6_recidivism": {
            "status": true,
            "exprtime": 81.17849774657707
        },
        "q4_bupa": {
            "status": true,
            "exprtime": 1.8260536050156877
        },
        "q5_liver-disorder": {
            "status": true,
            "exprtime": 16.016449001923995
        },
        "q6_heart-h": {
            "status": true,
            "exprtime": 7.781301677569624
        },
        "q4_heart-statlog": {
            "status": true,
            "exprtime": 6.190212962962959
        },
        "q4_schizo": {
            "status": true,
            "exprtime": 9.519437337099923
        },
        "q5_australian": {
            "status": true,
            "exprtime": 11.359653340636696
        },
        "q4_appendicitis": {
            "status": true,
            "exprtime": 1.609557644993892
        },
        "q5_hungarian": {
            "status": true,
            "exprtime": 5.499568020551158
        },
        "q6_zoo": {
            "status": true,
            "exprtime": 5.530352049062043
        },
        "q6_hungarian": {
            "status": true,
            "exprtime": 7.45515309209891
        },
        "q6_cancer": {
            "status": true,
            "exprtime": 9.22899068144253
        },
        "q4_biomed": {
            "status": true,
            "exprtime": 16.381300379501074
        },
        "q4_australian": {
            "status": true,
            "exprtime": 7.55235348339224
        },
        "q5_appendicitis": {
            "status": true,
            "exprtime": 2.108220181405892
        },
        "q4_hepatitis": {
            "status": true,
            "exprtime": 11.6595370967742
        },
        "q6_heart-c": {
            "status": true,
            "exprtime": 8.632306574218033
        },
        "q6_australian": {
            "status": true,
            "exprtime": 10.686879612503438
        },
        "q5_pima": {
            "status": true,
            "exprtime": 2.826234325904989
        },
        "q5_bupa": {
            "status": true,
            "exprtime": 2.5035939923427835
        },
        "q6_glass2": {
            "status": true,
            "exprtime": 37.50430038727618
        },
        "q5_cancer": {
            "status": true,
            "exprtime": 5.271922729175385
        },
        "q5_biomed": {
            "status": true,
            "exprtime": 25.640441434745988
        },
        "q5_heart-statlog": {
            "status": true,
            "exprtime": 7.60302690339631
        },
        "q6_adult": {
            "status": true,
            "exprtime": 125.80526033044663
        },
        "q4_heart-c": {
            "status": true,
            "exprtime": 5.779921311475414
        },
        "q4_parkinsons": {
            "status": true,
            "exprtime": 14.176088461538464
        },
        "q5_compas": {
            "status": true,
            "exprtime": 194.42514961793265
        },
        "q4_glass2": {
            "status": true,
            "exprtime": 19.621825886692303
        },
        "q6_hepatitis": {
            "status": true,
            "exprtime": 16.954318803056037
        },
        "q5_hepatitis": {
            "status": true,
            "exprtime": 13.9312471326165
        },
        "q5_parkinsons": {
            "status": true,
            "exprtime": 24.51265898024649
        },
        "q4_zoo": {
            "status": true,
            "exprtime": 4.482485723905725
        },
        "q4_cleve": {
            "status": true,
            "exprtime": 6.175008208362439
        },
        "q6_liver-disorder": {
            "status": true,
            "exprtime": 20.397932757193804
        },
        "q5_glass2": {
            "status": true,
            "exprtime": 23.66820040086176
        },
        "q6_compas": {
            "status": true,
            "exprtime": 151.90496168915305
        },
        "q6_house-votes-84": {
            "status": true,
            "exprtime": 3.4995289764079236
        },
        "q5_heart-c": {
            "status": true,
            "exprtime": 8.2508200234192
        },
        "q6_biomed": {
            "status": true,
            "exprtime": 34.85612104817207
        },
        "q6_car": {
            "status": true,
            "exprtime": 2094.247379431596
        },
        "q6_parkinsons": {
            "status": true,
            "exprtime": 52.52958219373216
        },
        "q4_hungarian": {
            "status": true,
            "exprtime": 5.377482568845262
        },
        "q4_liver-disorder": {
            "status": true,
            "exprtime": 12.760698063340197
        },
        "q6_appendicitis": {
            "status": true,
            "exprtime": 3.7957671335200702
        },
        "q5_schizo": {
            "status": true,
            "exprtime": 15.147906609808091
        },
        "q4_heart-h": {
            "status": true,
            "exprtime": 4.922720645086407
        },
        "q5_cleve": {
            "status": true,
            "exprtime": 8.30352196200885
        },
        "q6_schizo": {
            "status": true,
            "exprtime": 29.22128437854588
        },
        "q6_diabetes": {
            "status": true,
            "exprtime": 4.5642131920698334
        },
        "q5_heart-h": {
            "status": true,
            "exprtime": 5.895795055468541
        },
        "q4_diabetes": {
            "status": true,
            "exprtime": 2.532081899420111
        },
        "q4_cancer": {
            "status": true,
            "exprtime": 2.601508146612706
        },
        "q5_diabetes": {
            "status": true,
            "exprtime": 2.9585830864907905
        }
    }
}