{
    "preamble": {
        "program": "lime$_{dl}$",
        "prog_args": "lime$_{dl}$",
        "prog_alias": "lime$_{dl}$",
        "benchmark": null
    },
    "stats": {
        "q4_schizo": {
            "status": true,
            "exprtime": 763.8162537313432
        },
        "q4_biomed": {
            "status": true,
            "exprtime": 179.33397560975607
        },
        "q6_liver-disorder": {
            "status": true,
            "exprtime": 779.4513235294121
        },
        "q5_liver-disorder": {
            "status": true,
            "exprtime": 797.9616818181822
        },
        "q5_heart-c": {
            "status": true,
            "exprtime": 365.3679999999999
        },
        "q4_cancer": {
            "status": true,
            "exprtime": 248.7834545454545
        },
        "q4_liver-disorder": {
            "status": true,
            "exprtime": 740.231350877193
        },
        "q5_diabetes": {
            "status": true,
            "exprtime": 1484.9286887417215
        },
        "q5_zoo": {
            "status": true,
            "exprtime": 47.78326666666667
        },
        "q5_hepatitis": {
            "status": true,
            "exprtime": 45.44093548387098
        },
        "q4_zoo": {
            "status": true,
            "exprtime": 44.10993333333339
        },
        "q4_hepatitis": {
            "status": true,
            "exprtime": 46.0393870967742
        },
        "q4_heart-statlog": {
            "status": true,
            "exprtime": 249.95442592592585
        },
        "q4_australian": {
            "status": true,
            "exprtime": 772.99200729927
        },
        "q6_diabetes": {
            "status": true,
            "exprtime": 1455.4382142857144
        },
        "q5_parkinsons": {
            "status": true,
            "exprtime": 66.70543243243246
        },
        "q6_hungarian": {
            "status": true,
            "exprtime": 357.79429310344807
        },
        "q4_bupa": {
            "status": true,
            "exprtime": 662.2981896551723
        },
        "q4_heart-c": {
            "status": true,
            "exprtime": 421.1567540983605
        },
        "q4_heart-h": {
            "status": true,
            "exprtime": 276.62324137931034
        },
        "q4_compas": {
            "status": true,
            "exprtime": 78.38684426229514
        },
        "q5_australian": {
            "status": true,
            "exprtime": 822.5837318840573
        },
        "q4_hungarian": {
            "status": true,
            "exprtime": 310.63566101694926
        },
        "q6_hepatitis": {
            "status": true,
            "exprtime": 59.29706451612903
        },
        "q6_house-votes-84": {
            "status": true,
            "exprtime": 94.01693150684926
        },
        "q4_parkinsons": {
            "status": true,
            "exprtime": 63.357282051282006
        },
        "q6_car": {
            "status": true,
            "exprtime": 179.62800578034683
        },
        "q4_glass2": {
            "status": true,
            "exprtime": 277.1218666666666
        },
        "q5_heart-h": {
            "status": true,
            "exprtime": 311.09886206896556
        },
        "q6_pima": {
            "status": true,
            "exprtime": 1370.9608300653588
        },
        "q5_cleve": {
            "status": true,
            "exprtime": 457.15486885245883
        },
        "q5_hungarian": {
            "status": true,
            "exprtime": 292.3969999999999
        },
        "q5_bupa": {
            "status": true,
            "exprtime": 714.0446612903224
        },
        "q5_appendicitis": {
            "status": true,
            "exprtime": 167.82242857142856
        },
        "q6_compas": {
            "status": true,
            "exprtime": 89.37825999999993
        },
        "q6_parkinsons": {
            "status": true,
            "exprtime": 115.40889743589752
        },
        "q6_cleve": {
            "status": true,
            "exprtime": 444.7339508196721
        },
        "q4_appendicitis": {
            "status": true,
            "exprtime": 128.5491000000001
        },
        "q5_pima": {
            "status": true,
            "exprtime": 1382.4318831168828
        },
        "q6_glass2": {
            "status": true,
            "exprtime": 332.81159375000004
        },
        "q6_heart-h": {
            "status": true,
            "exprtime": 396.65152542372886
        },
        "q6_adult": {
            "status": true,
            "exprtime": 7504.956982181411
        },
        "q6_recidivism": {
            "status": true,
            "exprtime": 7352.4008764976825
        },
        "q5_cancer": {
            "status": true,
            "exprtime": 260.1987391304348
        },
        "q6_zoo": {
            "status": true,
            "exprtime": 44.85253333333333
        },
        "q6_bupa": {
            "status": true,
            "exprtime": 725.7543593749995
        },
        "q5_biomed": {
            "status": true,
            "exprtime": 180.63385714285727
        },
        "q5_schizo": {
            "status": true,
            "exprtime": 791.6253731343286
        },
        "q5_heart-statlog": {
            "status": true,
            "exprtime": 253.43357407407396
        },
        "q6_schizo": {
            "status": true,
            "exprtime": 767.5277910447759
        },
        "q6_lending": {
            "status": true,
            "exprtime": 5769.462094207507
        },
        "q6_biomed": {
            "status": true,
            "exprtime": 241.21847619047614
        },
        "q6_cancer": {
            "status": true,
            "exprtime": 212.92595876288655
        },
        "q4_cleve": {
            "status": true,
            "exprtime": 356.2432622950819
        },
        "q6_heart-c": {
            "status": true,
            "exprtime": 333.8873278688525
        },
        "q5_glass2": {
            "status": true,
            "exprtime": 293.4092727272728
        },
        "q6_australian": {
            "status": true,
            "exprtime": 658.812357664233
        },
        "q6_appendicitis": {
            "status": true,
            "exprtime": 184.741238095238
        },
        "q4_pima": {
            "status": true,
            "exprtime": 1356.8498206896545
        },
        "q5_compas": {
            "status": true,
            "exprtime": 87.95332575757573
        },
        "q4_diabetes": {
            "status": true,
            "exprtime": 1454.6525503355704
        },
        "q6_heart-statlog": {
            "status": true,
            "exprtime": 281.18512962962956
        }
    }
}