{
    "preamble": {
        "program": "lime$_{bt}$",
        "prog_args": "lime$_{bt}$",
        "prog_alias": "lime$_{bt}$",
        "benchmark": null
    },
    "stats": {
        "q4_schizo": {
            "status": true,
            "exprtime": 117.68767164179106
        },
        "q4_biomed": {
            "status": true,
            "exprtime": 72.72563414634146
        },
        "q6_liver-disorder": {
            "status": true,
            "exprtime": 90.49967647058821
        },
        "q5_liver-disorder": {
            "status": true,
            "exprtime": 88.88456060606062
        },
        "q5_heart-c": {
            "status": true,
            "exprtime": 112.78709836065566
        },
        "q4_cancer": {
            "status": true,
            "exprtime": 79.3126262626263
        },
        "q4_liver-disorder": {
            "status": true,
            "exprtime": 87.13866666666665
        },
        "q5_diabetes": {
            "status": true,
            "exprtime": 70.01499337748338
        },
        "q5_zoo": {
            "status": true,
            "exprtime": 136.9049333333334
        },
        "q5_hepatitis": {
            "status": true,
            "exprtime": 159.7436129032258
        },
        "q4_zoo": {
            "status": true,
            "exprtime": 137.633
        },
        "q4_hepatitis": {
            "status": true,
            "exprtime": 155.88290322580642
        },
        "q4_heart-statlog": {
            "status": true,
            "exprtime": 108.91518518518514
        },
        "q4_australian": {
            "status": true,
            "exprtime": 113.51319708029196
        },
        "q6_diabetes": {
            "status": true,
            "exprtime": 70.88929220779218
        },
        "q5_parkinsons": {
            "status": true,
            "exprtime": 184.8803783783783
        },
        "q6_hungarian": {
            "status": true,
            "exprtime": 112.22236206896544
        },
        "q4_bupa": {
            "status": true,
            "exprtime": 86.51765517241385
        },
        "q4_heart-c": {
            "status": true,
            "exprtime": 111.62954098360655
        },
        "q4_heart-h": {
            "status": true,
            "exprtime": 111.75427586206897
        },
        "q4_compas": {
            "status": true,
            "exprtime": 90.2753360655737
        },
        "q5_australian": {
            "status": true,
            "exprtime": 116.20078260869563
        },
        "q4_hungarian": {
            "status": true,
            "exprtime": 109.82545762711865
        },
        "q6_hepatitis": {
            "status": true,
            "exprtime": 154.41354838709685
        },
        "q6_house-votes-84": {
            "status": true,
            "exprtime": 129.4840547945206
        },
        "q4_parkinsons": {
            "status": true,
            "exprtime": 179.99184615384615
        },
        "q6_car": {
            "status": true,
            "exprtime": 84.80304335260128
        },
        "q4_glass2": {
            "status": true,
            "exprtime": 80.87033333333335
        },
        "q5_heart-h": {
            "status": true,
            "exprtime": 109.67881034482758
        },
        "q6_pima": {
            "status": true,
            "exprtime": 71.22735947712414
        },
        "q5_cleve": {
            "status": true,
            "exprtime": 109.2058196721312
        },
        "q5_hungarian": {
            "status": true,
            "exprtime": 111.13725423728802
        },
        "q5_bupa": {
            "status": true,
            "exprtime": 88.06354838709684
        },
        "q5_appendicitis": {
            "status": true,
            "exprtime": 64.50657142857145
        },
        "q6_compas": {
            "status": true,
            "exprtime": 96.41557999999996
        },
        "q6_parkinsons": {
            "status": true,
            "exprtime": 182.70330769230776
        },
        "q6_cleve": {
            "status": true,
            "exprtime": 109.88165573770483
        },
        "q4_appendicitis": {
            "status": true,
            "exprtime": 65.80229999999997
        },
        "q5_pima": {
            "status": true,
            "exprtime": 71.02969480519488
        },
        "q6_glass2": {
            "status": true,
            "exprtime": 79.83065625000005
        },
        "q6_heart-h": {
            "status": true,
            "exprtime": 108.25225423728816
        },
        "q6_adult": {
            "status": true,
            "exprtime": 103.51386339092852
        },
        "q6_recidivism": {
            "status": true,
            "exprtime": 122.83804884792622
        },
        "q5_cancer": {
            "status": true,
            "exprtime": 81.16710869565208
        },
        "q6_zoo": {
            "status": true,
            "exprtime": 134.7951333333333
        },
        "q6_bupa": {
            "status": true,
            "exprtime": 86.99312499999998
        },
        "q5_biomed": {
            "status": true,
            "exprtime": 71.08783333333338
        },
        "q5_schizo": {
            "status": true,
            "exprtime": 120.63431343283587
        },
        "q5_heart-statlog": {
            "status": true,
            "exprtime": 111.56996296296305
        },
        "q6_schizo": {
            "status": true,
            "exprtime": 121.33220895522399
        },
        "q6_lending": {
            "status": true,
            "exprtime": 78.39200891152137
        },
        "q6_biomed": {
            "status": true,
            "exprtime": 74.61547619047619
        },
        "q6_cancer": {
            "status": true,
            "exprtime": 80.19940206185568
        },
        "q4_cleve": {
            "status": true,
            "exprtime": 111.84283606557369
        },
        "q6_heart-c": {
            "status": true,
            "exprtime": 115.16560655737705
        },
        "q5_glass2": {
            "status": true,
            "exprtime": 80.1232424242424
        },
        "q6_australian": {
            "status": true,
            "exprtime": 122.22868613138671
        },
        "q6_appendicitis": {
            "status": true,
            "exprtime": 68.22799999999992
        },
        "q4_pima": {
            "status": true,
            "exprtime": 69.93663448275856
        },
        "q5_compas": {
            "status": true,
            "exprtime": 91.64114393939398
        },
        "q4_diabetes": {
            "status": true,
            "exprtime": 69.0536040268457
        },
        "q6_heart-statlog": {
            "status": true,
            "exprtime": 109.17596296296301
        }
    }
}