{
    "preamble": {
        "program": "lime$_{bnn}$",
        "prog_args": "lime$_{bnn}$",
        "prog_alias": "lime$_{bnn}$",
        "benchmark": null
    },
    "stats": {
        "q4_schizo": {
            "status": true,
            "exprtime": 17037.444641791048
        },
        "q4_biomed": {
            "status": true,
            "exprtime": 13260.04175609756
        },
        "q6_liver-disorder": {
            "status": true,
            "exprtime": 12285.964235294117
        },
        "q5_liver-disorder": {
            "status": true,
            "exprtime": 12131.836818181819
        },
        "q5_heart-c": {
            "status": true,
            "exprtime": 16897.518754098357
        },
        "q4_cancer": {
            "status": true,
            "exprtime": 14460.41131313131
        },
        "q4_liver-disorder": {
            "status": true,
            "exprtime": 11786.506701754386
        },
        "q5_diabetes": {
            "status": true,
            "exprtime": 13542.137503311258
        },
        "q5_zoo": {
            "status": true,
            "exprtime": 17437.505933333337
        },
        "q5_hepatitis": {
            "status": true,
            "exprtime": 21054.53238709677
        },
        "q4_zoo": {
            "status": true,
            "exprtime": 17907.238933333338
        },
        "q4_hepatitis": {
            "status": true,
            "exprtime": 20309.005645161287
        },
        "q4_heart-statlog": {
            "status": true,
            "exprtime": 16430.428481481486
        },
        "q4_australian": {
            "status": true,
            "exprtime": 16894.35993430656
        },
        "q6_diabetes": {
            "status": true,
            "exprtime": 13957.968168831163
        },
        "q5_parkinsons": {
            "status": true,
            "exprtime": 23518.593324324323
        },
        "q6_hungarian": {
            "status": true,
            "exprtime": 16782.674499999997
        },
        "q4_bupa": {
            "status": true,
            "exprtime": 11750.319827586205
        },
        "q4_heart-c": {
            "status": true,
            "exprtime": 16172.111032786881
        },
        "q4_heart-h": {
            "status": true,
            "exprtime": 16252.280741379316
        },
        "q4_compas": {
            "status": true,
            "exprtime": 14570.928975409839
        },
        "q5_australian": {
            "status": true,
            "exprtime": 17341.753804347827
        },
        "q4_hungarian": {
            "status": true,
            "exprtime": 16555.91769491525
        },
        "q6_hepatitis": {
            "status": true,
            "exprtime": 20654.390322580646
        },
        "q6_house-votes-84": {
            "status": true,
            "exprtime": 17164.60923287671
        },
        "q4_parkinsons": {
            "status": true,
            "exprtime": 22200.481051282048
        },
        "q6_car": {
            "status": true,
            "exprtime": 11976.341534682093
        },
        "q4_glass2": {
            "status": true,
            "exprtime": 13927.421133333331
        },
        "q5_heart-h": {
            "status": true,
            "exprtime": 16598.653137931033
        },
        "q6_pima": {
            "status": true,
            "exprtime": 14559.199692810449
        },
        "q5_cleve": {
            "status": true,
            "exprtime": 16627.586000000007
        },
        "q5_hungarian": {
            "status": true,
            "exprtime": 16572.62611864407
        },
        "q5_bupa": {
            "status": true,
            "exprtime": 12230.173241935483
        },
        "q5_appendicitis": {
            "status": true,
            "exprtime": 13166.112238095238
        },
        "q6_compas": {
            "status": true,
            "exprtime": 14873.409160000005
        },
        "q6_parkinsons": {
            "status": true,
            "exprtime": 23686.316025641037
        },
        "q6_cleve": {
            "status": true,
            "exprtime": 17058.07963934426
        },
        "q4_appendicitis": {
            "status": true,
            "exprtime": 12441.62215
        },
        "q5_pima": {
            "status": true,
            "exprtime": 13668.826603896114
        },
        "q6_glass2": {
            "status": true,
            "exprtime": 14679.528625000004
        },
        "q6_heart-h": {
            "status": true,
            "exprtime": 17022.289288135595
        },
        "q6_adult": {
            "status": true,
            "exprtime": 16925.75743844491
        },
        "q6_recidivism": {
            "status": true,
            "exprtime": 17332.465611059917
        },
        "q5_cancer": {
            "status": true,
            "exprtime": 14343.228152173902
        },
        "q6_zoo": {
            "status": true,
            "exprtime": 17523.832599999994
        },
        "q6_bupa": {
            "status": true,
            "exprtime": 12459.580015624997
        },
        "q5_biomed": {
            "status": true,
            "exprtime": 13670.758857142857
        },
        "q5_schizo": {
            "status": true,
            "exprtime": 17751.58114925374
        },
        "q5_heart-statlog": {
            "status": true,
            "exprtime": 16315.29972222223
        },
        "q6_schizo": {
            "status": true,
            "exprtime": 18269.791507462684
        },
        "q6_lending": {
            "status": true,
            "exprtime": 14066.314798854262
        },
        "q6_biomed": {
            "status": true,
            "exprtime": 14004.669619047625
        },
        "q6_cancer": {
            "status": true,
            "exprtime": 14653.436082474222
        },
        "q4_cleve": {
            "status": true,
            "exprtime": 16888.44775409836
        },
        "q6_heart-c": {
            "status": true,
            "exprtime": 16761.854950819667
        },
        "q5_glass2": {
            "status": true,
            "exprtime": 14265.899181818178
        },
        "q6_australian": {
            "status": true,
            "exprtime": 17665.97075182482
        },
        "q6_appendicitis": {
            "status": true,
            "exprtime": 13646.75371428571
        },
        "q4_pima": {
            "status": true,
            "exprtime": 13011.846937931045
        },
        "q5_compas": {
            "status": true,
            "exprtime": 15063.12455303031
        },
        "q4_diabetes": {
            "status": true,
            "exprtime": 13236.566912751683
        },
        "q6_heart-statlog": {
            "status": true,
            "exprtime": 16810.60301851851
        }
    }
}