{
    "preamble": {
        "program": "shap$_{bt}$",
        "prog_args": "shap$_{bt}$",
        "prog_alias": "shap$_{bt}$",
        "benchmark": null
    },
    "stats": {
        "q4_schizo": {
            "status": true,
            "exprtime": 6.8468955223880394
        },
        "q4_biomed": {
            "status": true,
            "exprtime": 5.052804878048765
        },
        "q6_liver-disorder": {
            "status": true,
            "exprtime": 4.416705882352966
        },
        "q5_liver-disorder": {
            "status": true,
            "exprtime": 5.030257575757587
        },
        "q5_heart-c": {
            "status": true,
            "exprtime": 6.274688524590155
        },
        "q4_cancer": {
            "status": true,
            "exprtime": 5.356848484848461
        },
        "q4_liver-disorder": {
            "status": true,
            "exprtime": 4.400263157894737
        },
        "q5_diabetes": {
            "status": true,
            "exprtime": 4.99417218543046
        },
        "q5_zoo": {
            "status": true,
            "exprtime": 6.953600000000026
        },
        "q5_hepatitis": {
            "status": true,
            "exprtime": 8.096193548387099
        },
        "q4_zoo": {
            "status": true,
            "exprtime": 7.511799999999995
        },
        "q4_hepatitis": {
            "status": true,
            "exprtime": 8.162225806451676
        },
        "q4_heart-statlog": {
            "status": true,
            "exprtime": 6.458462962962967
        },
        "q4_australian": {
            "status": true,
            "exprtime": 6.63434306569341
        },
        "q6_diabetes": {
            "status": true,
            "exprtime": 5.052577922077901
        },
        "q5_parkinsons": {
            "status": true,
            "exprtime": 8.97362162162163
        },
        "q6_hungarian": {
            "status": true,
            "exprtime": 6.369103448275877
        },
        "q4_bupa": {
            "status": true,
            "exprtime": 4.413896551724153
        },
        "q4_heart-c": {
            "status": true,
            "exprtime": 6.471475409836048
        },
        "q4_heart-h": {
            "status": true,
            "exprtime": 7.122655172413797
        },
        "q4_compas": {
            "status": true,
            "exprtime": 6.1952622950819904
        },
        "q5_australian": {
            "status": true,
            "exprtime": 6.682065217391313
        },
        "q4_hungarian": {
            "status": true,
            "exprtime": 6.436694915254262
        },
        "q6_hepatitis": {
            "status": true,
            "exprtime": 8.010612903225764
        },
        "q6_house-votes-84": {
            "status": true,
            "exprtime": 7.2052602739726055
        },
        "q4_parkinsons": {
            "status": true,
            "exprtime": 8.905410256410226
        },
        "q6_car": {
            "status": true,
            "exprtime": 4.710031791907503
        },
        "q4_glass2": {
            "status": true,
            "exprtime": 5.330966666666674
        },
        "q5_heart-h": {
            "status": true,
            "exprtime": 7.337499999999989
        },
        "q6_pima": {
            "status": true,
            "exprtime": 4.998555555555583
        },
        "q5_cleve": {
            "status": true,
            "exprtime": 6.56555737704919
        },
        "q5_hungarian": {
            "status": true,
            "exprtime": 6.415915254237291
        },
        "q5_bupa": {
            "status": true,
            "exprtime": 4.383306451612868
        },
        "q5_appendicitis": {
            "status": true,
            "exprtime": 4.771333333333302
        },
        "q6_compas": {
            "status": true,
            "exprtime": 5.688566666666651
        },
        "q6_parkinsons": {
            "status": true,
            "exprtime": 8.999820512820532
        },
        "q6_cleve": {
            "status": true,
            "exprtime": 6.497196721311467
        },
        "q4_appendicitis": {
            "status": true,
            "exprtime": 5.397100000000021
        },
        "q5_pima": {
            "status": true,
            "exprtime": 4.996474025974024
        },
        "q6_glass2": {
            "status": true,
            "exprtime": 5.185875000000021
        },
        "q6_heart-h": {
            "status": true,
            "exprtime": 6.3828305084745836
        },
        "q6_adult": {
            "status": true,
            "exprtime": 5.9824703023758214
        },
        "q6_recidivism": {
            "status": true,
            "exprtime": 6.84984608294934
        },
        "q5_cancer": {
            "status": true,
            "exprtime": 5.290076086956533
        },
        "q6_zoo": {
            "status": true,
            "exprtime": 6.964466666666598
        },
        "q6_bupa": {
            "status": true,
            "exprtime": 4.394484375000028
        },
        "q5_biomed": {
            "status": true,
            "exprtime": 5.351690476190478
        },
        "q5_schizo": {
            "status": true,
            "exprtime": 6.959910447761232
        },
        "q5_heart-statlog": {
            "status": true,
            "exprtime": 6.381555555555512
        },
        "q6_schizo": {
            "status": true,
            "exprtime": 6.792313432835794
        },
        "q6_lending": {
            "status": true,
            "exprtime": 5.119633991088468
        },
        "q6_biomed": {
            "status": true,
            "exprtime": 4.985809523809554
        },
        "q6_cancer": {
            "status": true,
            "exprtime": 5.363845360824769
        },
        "q4_cleve": {
            "status": true,
            "exprtime": 6.752655737704933
        },
        "q6_heart-c": {
            "status": true,
            "exprtime": 6.340147540983606
        },
        "q5_glass2": {
            "status": true,
            "exprtime": 5.80712121212126
        },
        "q6_australian": {
            "status": true,
            "exprtime": 7.004445255474436
        },
        "q6_appendicitis": {
            "status": true,
            "exprtime": 4.934571428571376
        },
        "q4_pima": {
            "status": true,
            "exprtime": 5.081062068965498
        },
        "q5_compas": {
            "status": true,
            "exprtime": 5.777431818181852
        },
        "q4_diabetes": {
            "status": true,
            "exprtime": 5.081912751677822
        },
        "q6_heart-statlog": {
            "status": true,
            "exprtime": 6.417259259259252
        }
    }
}