{
    "preamble": {
        "program": "shap$_{dl}$",
        "prog_args": "shap$_{dl}$",
        "prog_alias": "shap$_{dl}$",
        "benchmark": null
    },
    "stats": {
        "q4_schizo": {
            "status": true,
            "exprtime": 6228.753835820897
        },
        "q4_biomed": {
            "status": true,
            "exprtime": 342.48131707317066
        },
        "q6_liver-disorder": {
            "status": true,
            "exprtime": 211.446
        },
        "q5_liver-disorder": {
            "status": true,
            "exprtime": 232.03610606060607
        },
        "q5_heart-c": {
            "status": true,
            "exprtime": 4638.776295081966
        },
        "q4_cancer": {
            "status": true,
            "exprtime": 593.6708585858586
        },
        "q4_liver-disorder": {
            "status": true,
            "exprtime": 270.35435087719316
        },
        "q5_diabetes": {
            "status": true,
            "exprtime": 1559.5607947019867
        },
        "q5_zoo": {
            "status": true,
            "exprtime": 1654.4269333333334
        },
        "q5_hepatitis": {
            "status": true,
            "exprtime": 3129.5397741935494
        },
        "q4_zoo": {
            "status": true,
            "exprtime": 1639.447866666667
        },
        "q4_hepatitis": {
            "status": true,
            "exprtime": 3253.554548387097
        },
        "q4_heart-statlog": {
            "status": true,
            "exprtime": 4449.8187962962975
        },
        "q4_australian": {
            "status": true,
            "exprtime": 6660.871197080295
        },
        "q6_diabetes": {
            "status": true,
            "exprtime": 1693.8346753246758
        },
        "q5_parkinsons": {
            "status": true,
            "exprtime": 2405.422027027027
        },
        "q6_hungarian": {
            "status": true,
            "exprtime": 4753.296310344827
        },
        "q4_bupa": {
            "status": true,
            "exprtime": 267.40544827586206
        },
        "q4_heart-c": {
            "status": true,
            "exprtime": 5137.940721311479
        },
        "q4_heart-h": {
            "status": true,
            "exprtime": 3570.0983275862086
        },
        "q4_compas": {
            "status": true,
            "exprtime": 6574.734131147544
        },
        "q5_australian": {
            "status": true,
            "exprtime": 6642.435369565213
        },
        "q4_hungarian": {
            "status": true,
            "exprtime": 4126.771610169492
        },
        "q6_hepatitis": {
            "status": true,
            "exprtime": 2697.9599677419365
        },
        "q6_house-votes-84": {
            "status": true,
            "exprtime": 1937.326808219177
        },
        "q4_parkinsons": {
            "status": true,
            "exprtime": 2118.518538461538
        },
        "q6_car": {
            "status": true,
            "exprtime": 79.07091618497111
        },
        "q4_glass2": {
            "status": true,
            "exprtime": 801.7585666666666
        },
        "q5_heart-h": {
            "status": true,
            "exprtime": 3915.268913793103
        },
        "q6_pima": {
            "status": true,
            "exprtime": 1620.9535686274514
        },
        "q5_cleve": {
            "status": true,
            "exprtime": 5432.184081967213
        },
        "q5_hungarian": {
            "status": true,
            "exprtime": 4562.9010338983035
        },
        "q5_bupa": {
            "status": true,
            "exprtime": 283.6819516129033
        },
        "q5_appendicitis": {
            "status": true,
            "exprtime": 113.45419047619042
        },
        "q6_compas": {
            "status": true,
            "exprtime": 8018.902840000006
        },
        "q6_parkinsons": {
            "status": true,
            "exprtime": 2747.8470512820513
        },
        "q6_cleve": {
            "status": true,
            "exprtime": 6566.075655737706
        },
        "q4_appendicitis": {
            "status": true,
            "exprtime": 120.5000499999999
        },
        "q5_pima": {
            "status": true,
            "exprtime": 1503.3177467532473
        },
        "q6_glass2": {
            "status": true,
            "exprtime": 826.6033124999996
        },
        "q6_heart-h": {
            "status": true,
            "exprtime": 4910.243322033897
        },
        "q6_adult": {
            "status": true,
            "exprtime": 105265.31392440607
        },
        "q6_recidivism": {
            "status": true,
            "exprtime": 129148.47069953918
        },
        "q5_cancer": {
            "status": true,
            "exprtime": 580.4483043478261
        },
        "q6_zoo": {
            "status": true,
            "exprtime": 1645.6803333333332
        },
        "q6_bupa": {
            "status": true,
            "exprtime": 265.3169687500002
        },
        "q5_biomed": {
            "status": true,
            "exprtime": 305.6541428571428
        },
        "q5_schizo": {
            "status": true,
            "exprtime": 7308.452059701489
        },
        "q5_heart-statlog": {
            "status": true,
            "exprtime": 3999.3927962962957
        },
        "q6_schizo": {
            "status": true,
            "exprtime": 7442.388059701495
        },
        "q6_lending": {
            "status": true,
            "exprtime": 19695.467205601526
        },
        "q6_biomed": {
            "status": true,
            "exprtime": 293.57440476190476
        },
        "q6_cancer": {
            "status": true,
            "exprtime": 608.2600103092786
        },
        "q4_cleve": {
            "status": true,
            "exprtime": 5233.855278688524
        },
        "q6_heart-c": {
            "status": true,
            "exprtime": 4772.2873278688485
        },
        "q5_glass2": {
            "status": true,
            "exprtime": 448.4353636363636
        },
        "q6_australian": {
            "status": true,
            "exprtime": 6567.161897810221
        },
        "q6_appendicitis": {
            "status": true,
            "exprtime": 126.14719047619053
        },
        "q4_pima": {
            "status": true,
            "exprtime": 1465.6907379310348
        },
        "q5_compas": {
            "status": true,
            "exprtime": 7570.106704545459
        },
        "q4_diabetes": {
            "status": true,
            "exprtime": 1689.9001677852339
        },
        "q6_heart-statlog": {
            "status": true,
            "exprtime": 3759.6012037037035
        }
    }
}