{
    "preamble": {
        "program": "shap$_{bnn}$",
        "prog_args": "shap$_{bnn}$",
        "prog_alias": "shap$_{bnn}$",
        "benchmark": null
    },
    "stats": {
        "q4_schizo": {
            "status": true,
            "exprtime": 305237.80208955234
        },
        "q4_biomed": {
            "status": true,
            "exprtime": 29426.069487804885
        },
        "q6_liver-disorder": {
            "status": true,
            "exprtime": 6664.07513235294
        },
        "q5_liver-disorder": {
            "status": true,
            "exprtime": 6599.879893939393
        },
        "q5_heart-c": {
            "status": true,
            "exprtime": 290037.9041311475
        },
        "q4_cancer": {
            "status": true,
            "exprtime": 60973.872707070725
        },
        "q4_liver-disorder": {
            "status": true,
            "exprtime": 6881.520157894738
        },
        "q5_diabetes": {
            "status": true,
            "exprtime": 29684.143450331136
        },
        "q5_zoo": {
            "status": true,
            "exprtime": 315007.1312666667
        },
        "q5_hepatitis": {
            "status": true,
            "exprtime": 351128.68080645154
        },
        "q4_zoo": {
            "status": true,
            "exprtime": 310740.7151333334
        },
        "q4_hepatitis": {
            "status": true,
            "exprtime": 347810.44751612906
        },
        "q4_heart-statlog": {
            "status": true,
            "exprtime": 286705.12200000003
        },
        "q4_australian": {
            "status": true,
            "exprtime": 306658.2227883212
        },
        "q6_diabetes": {
            "status": true,
            "exprtime": 30024.685545454533
        },
        "q5_parkinsons": {
            "status": true,
            "exprtime": 384629.30678378383
        },
        "q6_hungarian": {
            "status": true,
            "exprtime": 293490.59362068976
        },
        "q4_bupa": {
            "status": true,
            "exprtime": 6524.106310344829
        },
        "q4_heart-c": {
            "status": true,
            "exprtime": 284775.87863934436
        },
        "q4_heart-h": {
            "status": true,
            "exprtime": 286004.65853448265
        },
        "q4_compas": {
            "status": true,
            "exprtime": 134161.00692622957
        },
        "q5_australian": {
            "status": true,
            "exprtime": 306762.2862463768
        },
        "q4_hungarian": {
            "status": true,
            "exprtime": 298697.951016949
        },
        "q6_hepatitis": {
            "status": true,
            "exprtime": 353567.35767741944
        },
        "q6_house-votes-84": {
            "status": true,
            "exprtime": 309108.90420547925
        },
        "q4_parkinsons": {
            "status": true,
            "exprtime": 382227.54797435884
        },
        "q6_car": {
            "status": true,
            "exprtime": 6705.312783236995
        },
        "q4_glass2": {
            "status": true,
            "exprtime": 61804.8096
        },
        "q5_heart-h": {
            "status": true,
            "exprtime": 291095.6512758621
        },
        "q6_pima": {
            "status": true,
            "exprtime": 29820.75454901958
        },
        "q5_cleve": {
            "status": true,
            "exprtime": 291733.6898688524
        },
        "q5_hungarian": {
            "status": true,
            "exprtime": 290163.3196101695
        },
        "q5_bupa": {
            "status": true,
            "exprtime": 6618.634145161291
        },
        "q5_appendicitis": {
            "status": true,
            "exprtime": 14008.317666666664
        },
        "q6_compas": {
            "status": true,
            "exprtime": 142143.9266466666
        },
        "q6_parkinsons": {
            "status": true,
            "exprtime": 392284.4732051283
        },
        "q6_cleve": {
            "status": true,
            "exprtime": 291014.5695901639
        },
        "q4_appendicitis": {
            "status": true,
            "exprtime": 13855.781049999998
        },
        "q5_pima": {
            "status": true,
            "exprtime": 29636.437272727253
        },
        "q6_glass2": {
            "status": true,
            "exprtime": 62908.293125000004
        },
        "q6_heart-h": {
            "status": true,
            "exprtime": 293717.73137288133
        },
        "q6_adult": {
            "status": true,
            "exprtime": 288484.1323180346
        },
        "q6_recidivism": {
            "status": true,
            "exprtime": 305472.15365714283
        },
        "q5_cancer": {
            "status": true,
            "exprtime": 62507.28455434782
        },
        "q6_zoo": {
            "status": true,
            "exprtime": 315713.3569333334
        },
        "q6_bupa": {
            "status": true,
            "exprtime": 6664.132124999999
        },
        "q5_biomed": {
            "status": true,
            "exprtime": 29947.65935714285
        },
        "q5_schizo": {
            "status": true,
            "exprtime": 302147.6966865671
        },
        "q5_heart-statlog": {
            "status": true,
            "exprtime": 288096.1430925926
        },
        "q6_schizo": {
            "status": true,
            "exprtime": 307193.3514477613
        },
        "q6_lending": {
            "status": true,
            "exprtime": 61446.550447485766
        },
        "q6_biomed": {
            "status": true,
            "exprtime": 30006.402547619058
        },
        "q6_cancer": {
            "status": true,
            "exprtime": 62940.68541237113
        },
        "q4_cleve": {
            "status": true,
            "exprtime": 290342.9561639344
        },
        "q6_heart-c": {
            "status": true,
            "exprtime": 304649.79988524585
        },
        "q5_glass2": {
            "status": true,
            "exprtime": 32837.00087878788
        },
        "q6_australian": {
            "status": true,
            "exprtime": 303395.30737226264
        },
        "q6_appendicitis": {
            "status": true,
            "exprtime": 14103.047809523807
        },
        "q4_pima": {
            "status": true,
            "exprtime": 29355.781593103457
        },
        "q5_compas": {
            "status": true,
            "exprtime": 136521.15205303038
        },
        "q4_diabetes": {
            "status": true,
            "exprtime": 29303.943355704712
        },
        "q6_heart-statlog": {
            "status": true,
            "exprtime": 289768.0432777777
        }
    }
}